09.05.22 20:42.06_604 main[I] Properties are ready. at ru.apertum.qsystem.common.QConfig.prepareCLI(QConfig.java:333)
09.05.22 20:42.06_614 main[I] Languages are loading... at ru.apertum.qsystem.client.Locales.<init>(Locales.java:158)
09.05.22 20:42.06_718 main[I] "QSystem 21.1"!  date: 02.06.2021 at ru.apertum.qsystem.About.load(About.java:80)
09.05.22 20:42.06_718 main[I] Mode: KEY_DEBUG at ru.apertum.qsystem.About.load(About.java:84)
09.05.22 20:42.06_720 main[I] Plugins: YES at ru.apertum.qsystem.About.load(About.java:85)
09.05.22 20:42.06_905 main[I] Loading plugins from folder: ./plugins/ at ru.apertum.qsystem.common.Uses.loadPlugins(Uses.java:667)
09.05.22 20:42.06_907 main[I] Plugin Microsound.jar was loaded successfully. at ru.apertum.qsystem.common.Uses.loadPlugins(Uses.java:673)
09.05.22 20:42.21_352 main[I] Получить параметры. at ru.apertum.qsystem.common.NetCommander.getProperties(NetCommander.java:1213)
09.05.22 20:42.21_569 main[I] Получение возможных услуг. at ru.apertum.qsystem.common.NetCommander.getServices(NetCommander.java:328)
09.05.22 20:42.21_763 AWT-EventQueue-0[I] Создаем окно приглашения. at ru.apertum.qsystem.client.forms.FWelcome.init(FWelcome.java:844)
09.05.22 20:42.22_336 AWT-EventQueue-0[I] Показываем набор кнопок уровня: Дерево услуг ID=1 at ru.apertum.qsystem.client.forms.FWelcome.showButtons(FWelcome.java:1065)
09.05.22 20:42.22_412 Thread-4[I] Server for managment of registration point started. at ru.apertum.qsystem.client.forms.FWelcome$CommandServer.run(FWelcome.java:269)
09.05.22 20:43.06_675 Thread-4[I] Получение возможных услуг. at ru.apertum.qsystem.common.NetCommander.getServices(NetCommander.java:328)
09.05.22 20:43.06_693 Thread-4[I] Показываем набор кнопок уровня: Дерево услуг ID=1 at ru.apertum.qsystem.client.forms.FWelcome.showButtons(FWelcome.java:1065)
09.05.22 20:43.06_730 Thread-4[I] Пункт регистрации реинициализирован. Состояние "Готов к работе" at ru.apertum.qsystem.client.forms.FWelcome.reinit(FWelcome.java:2060)
09.05.22 20:47.08_608 main[I] Properties are ready. at ru.apertum.qsystem.common.QConfig.prepareCLI(QConfig.java:333)
09.05.22 20:47.08_616 main[I] Languages are loading... at ru.apertum.qsystem.client.Locales.<init>(Locales.java:158)
09.05.22 20:47.08_725 main[I] "QSystem 21.1"!  date: 02.06.2021 at ru.apertum.qsystem.About.load(About.java:80)
09.05.22 20:47.08_725 main[I] Mode: KEY_DEBUG at ru.apertum.qsystem.About.load(About.java:84)
09.05.22 20:47.08_727 main[I] Plugins: YES at ru.apertum.qsystem.About.load(About.java:85)
09.05.22 20:47.08_919 main[I] Loading plugins from folder: ./plugins/ at ru.apertum.qsystem.common.Uses.loadPlugins(Uses.java:667)
09.05.22 20:47.08_921 main[I] Plugin Microsound.jar was loaded successfully. at ru.apertum.qsystem.common.Uses.loadPlugins(Uses.java:673)
09.05.22 20:47.08_929 main[I] Получить параметры. at ru.apertum.qsystem.common.NetCommander.getProperties(NetCommander.java:1213)
09.05.22 20:47.09_185 main[I] Получение возможных услуг. at ru.apertum.qsystem.common.NetCommander.getServices(NetCommander.java:328)
09.05.22 20:47.09_358 AWT-EventQueue-0[I] Создаем окно приглашения. at ru.apertum.qsystem.client.forms.FWelcome.init(FWelcome.java:844)
09.05.22 20:47.10_030 AWT-EventQueue-0[I] Показываем набор кнопок уровня: Дерево услуг ID=1 at ru.apertum.qsystem.client.forms.FWelcome.showButtons(FWelcome.java:1065)
09.05.22 20:47.10_127 Thread-2[I] Server for managment of registration point started. at ru.apertum.qsystem.client.forms.FWelcome$CommandServer.run(FWelcome.java:269)
09.05.22 20:47.10_242 AWT-EventQueue-0[E] Не найден файл "http://127.0.0.1:8081/d2.png" для HTML. at ru.apertum.qsystem.common.Uses.prepareAbsolutPathForImg(Uses.java:882)
09.05.22 21:05.51_648 main[I] Properties are ready. at ru.apertum.qsystem.common.QConfig.prepareCLI(QConfig.java:333)
09.05.22 21:05.51_661 main[I] Languages are loading... at ru.apertum.qsystem.client.Locales.<init>(Locales.java:158)
09.05.22 21:05.51_764 main[I] "QSystem 21.1"!  date: 02.06.2021 at ru.apertum.qsystem.About.load(About.java:80)
09.05.22 21:05.51_765 main[I] Mode: KEY_DEBUG at ru.apertum.qsystem.About.load(About.java:84)
09.05.22 21:05.51_766 main[I] Plugins: YES at ru.apertum.qsystem.About.load(About.java:85)
09.05.22 21:05.51_946 main[I] Loading plugins from folder: ./plugins/ at ru.apertum.qsystem.common.Uses.loadPlugins(Uses.java:667)
09.05.22 21:05.51_948 main[I] Plugin Microsound.jar was loaded successfully. at ru.apertum.qsystem.common.Uses.loadPlugins(Uses.java:673)
09.05.22 21:05.51_955 main[I] Получить параметры. at ru.apertum.qsystem.common.NetCommander.getProperties(NetCommander.java:1213)
09.05.22 21:05.52_234 main[I] Получение возможных услуг. at ru.apertum.qsystem.common.NetCommander.getServices(NetCommander.java:328)
09.05.22 21:05.52_402 AWT-EventQueue-0[I] Создаем окно приглашения. at ru.apertum.qsystem.client.forms.FWelcome.init(FWelcome.java:844)
09.05.22 21:05.53_028 AWT-EventQueue-0[I] Показываем набор кнопок уровня: Дерево услуг ID=1 at ru.apertum.qsystem.client.forms.FWelcome.showButtons(FWelcome.java:1065)
09.05.22 21:05.53_155 Thread-2[I] Server for managment of registration point started. at ru.apertum.qsystem.client.forms.FWelcome$CommandServer.run(FWelcome.java:269)
09.05.22 21:05.53_239 AWT-EventQueue-0[E] Не найден файл "http://127.0.0.1:8081/d2.png" для HTML. at ru.apertum.qsystem.common.Uses.prepareAbsolutPathForImg(Uses.java:882)
09.05.22 21:06.43_485 main[I] Properties are ready. at ru.apertum.qsystem.common.QConfig.prepareCLI(QConfig.java:333)
09.05.22 21:06.43_496 main[I] Languages are loading... at ru.apertum.qsystem.client.Locales.<init>(Locales.java:158)
09.05.22 21:06.43_602 main[I] "QSystem 21.1"!  date: 02.06.2021 at ru.apertum.qsystem.About.load(About.java:80)
09.05.22 21:06.43_603 main[I] Mode: KEY_DEBUG at ru.apertum.qsystem.About.load(About.java:84)
09.05.22 21:06.43_604 main[I] Plugins: YES at ru.apertum.qsystem.About.load(About.java:85)
09.05.22 21:06.43_788 main[I] Loading plugins from folder: ./plugins/ at ru.apertum.qsystem.common.Uses.loadPlugins(Uses.java:667)
09.05.22 21:06.43_790 main[I] Plugin Microsound.jar was loaded successfully. at ru.apertum.qsystem.common.Uses.loadPlugins(Uses.java:673)
09.05.22 21:06.43_797 main[I] Получить параметры. at ru.apertum.qsystem.common.NetCommander.getProperties(NetCommander.java:1213)
09.05.22 21:06.44_003 main[I] Получение возможных услуг. at ru.apertum.qsystem.common.NetCommander.getServices(NetCommander.java:328)
09.05.22 21:06.44_211 AWT-EventQueue-0[I] Создаем окно приглашения. at ru.apertum.qsystem.client.forms.FWelcome.init(FWelcome.java:844)
09.05.22 21:06.44_862 AWT-EventQueue-0[I] Показываем набор кнопок уровня: Дерево услуг ID=1 at ru.apertum.qsystem.client.forms.FWelcome.showButtons(FWelcome.java:1065)
09.05.22 21:06.44_956 Thread-2[I] Server for managment of registration point started. at ru.apertum.qsystem.client.forms.FWelcome$CommandServer.run(FWelcome.java:269)
09.05.22 21:06.45_057 AWT-EventQueue-0[E] Не найден файл "http://127.0.0.1:8081/d2.png" для HTML. at ru.apertum.qsystem.common.Uses.prepareAbsolutPathForImg(Uses.java:882)
09.05.22 21:06.51_790 AWT-EventQueue-0[I] Pressed button "Выдача Карт (Окно 1,2,3,4) " ID=1652115222583 at ru.apertum.qsystem.client.model.QButton$WelcomeButtonEvent.actionPerformed(QButton.java:430)
09.05.22 21:06.51_794 AWT-EventQueue-0[I] Узнать сколько народу стоит к услуге. at ru.apertum.qsystem.common.NetCommander.aboutService(NetCommander.java:414)
09.05.22 21:06.51_944 AWT-EventQueue-0[I] Пункт регистрации заблокирован. Состояние "Заблокирован" at ru.apertum.qsystem.client.forms.FWelcome.lockWelcome(FWelcome.java:2008)
09.05.22 21:06.56_948 AWT-EventQueue-0[I] Пункт регистрации готов к работе. Состояние "Готов к работе" at ru.apertum.qsystem.client.forms.FWelcome.unlockWelcome(FWelcome.java:2017)
09.05.22 21:06.56_949 AWT-EventQueue-0[I] Показываем набор кнопок уровня: Дерево услуг ID=1 at ru.apertum.qsystem.client.forms.FWelcome.showButtons(FWelcome.java:1065)
09.05.22 21:06.59_852 AWT-EventQueue-0[I] Pressed button "Выдача Карт (Окно 1,2,3,4) " ID=1652115222583 at ru.apertum.qsystem.client.model.QButton$WelcomeButtonEvent.actionPerformed(QButton.java:430)
09.05.22 21:06.59_854 AWT-EventQueue-0[I] Узнать сколько народу стоит к услуге. at ru.apertum.qsystem.common.NetCommander.aboutService(NetCommander.java:414)
09.05.22 21:06.59_969 AWT-EventQueue-0[I] Пункт регистрации заблокирован. Состояние "Заблокирован" at ru.apertum.qsystem.client.forms.FWelcome.lockWelcome(FWelcome.java:2008)
09.05.22 21:07.04_973 AWT-EventQueue-0[I] Пункт регистрации готов к работе. Состояние "Готов к работе" at ru.apertum.qsystem.client.forms.FWelcome.unlockWelcome(FWelcome.java:2017)
09.05.22 21:07.04_974 AWT-EventQueue-0[I] Показываем набор кнопок уровня: Дерево услуг ID=1 at ru.apertum.qsystem.client.forms.FWelcome.showButtons(FWelcome.java:1065)
09.05.22 21:07.07_762 AWT-EventQueue-0[I] Pressed button "Выдача Карт (Окно 1,2,3,4) " ID=1652115222583 at ru.apertum.qsystem.client.model.QButton$WelcomeButtonEvent.actionPerformed(QButton.java:430)
09.05.22 21:07.07_763 AWT-EventQueue-0[I] Узнать сколько народу стоит к услуге. at ru.apertum.qsystem.common.NetCommander.aboutService(NetCommander.java:414)
09.05.22 21:07.07_880 AWT-EventQueue-0[I] Пункт регистрации заблокирован. Состояние "Заблокирован" at ru.apertum.qsystem.client.forms.FWelcome.lockWelcome(FWelcome.java:2008)
09.05.22 21:07.12_884 AWT-EventQueue-0[I] Пункт регистрации готов к работе. Состояние "Готов к работе" at ru.apertum.qsystem.client.forms.FWelcome.unlockWelcome(FWelcome.java:2017)
09.05.22 21:07.12_884 AWT-EventQueue-0[I] Показываем набор кнопок уровня: Дерево услуг ID=1 at ru.apertum.qsystem.client.forms.FWelcome.showButtons(FWelcome.java:1065)
09.05.22 21:09.28_187 main[I] Properties are ready. at ru.apertum.qsystem.common.QConfig.prepareCLI(QConfig.java:333)
09.05.22 21:09.28_197 main[I] Languages are loading... at ru.apertum.qsystem.client.Locales.<init>(Locales.java:158)
09.05.22 21:09.28_302 main[I] "QSystem 21.1"!  date: 02.06.2021 at ru.apertum.qsystem.About.load(About.java:80)
09.05.22 21:09.28_303 main[I] Mode: KEY_DEBUG at ru.apertum.qsystem.About.load(About.java:84)
09.05.22 21:09.28_304 main[I] Plugins: YES at ru.apertum.qsystem.About.load(About.java:85)
09.05.22 21:09.28_490 main[I] Loading plugins from folder: ./plugins/ at ru.apertum.qsystem.common.Uses.loadPlugins(Uses.java:667)
09.05.22 21:09.28_491 main[I] Plugin Microsound.jar was loaded successfully. at ru.apertum.qsystem.common.Uses.loadPlugins(Uses.java:673)
09.05.22 21:09.28_498 main[I] Получить параметры. at ru.apertum.qsystem.common.NetCommander.getProperties(NetCommander.java:1213)
09.05.22 21:09.28_783 main[I] Получение возможных услуг. at ru.apertum.qsystem.common.NetCommander.getServices(NetCommander.java:328)
09.05.22 21:09.28_977 AWT-EventQueue-0[I] Создаем окно приглашения. at ru.apertum.qsystem.client.forms.FWelcome.init(FWelcome.java:844)
09.05.22 21:09.29_654 AWT-EventQueue-0[I] Показываем набор кнопок уровня: Дерево услуг ID=1 at ru.apertum.qsystem.client.forms.FWelcome.showButtons(FWelcome.java:1065)
09.05.22 21:09.29_748 Thread-2[I] Server for managment of registration point started. at ru.apertum.qsystem.client.forms.FWelcome$CommandServer.run(FWelcome.java:269)
09.05.22 21:09.29_841 AWT-EventQueue-0[E] Не найден файл "http://127.0.0.1:8081/d2.png" для HTML. at ru.apertum.qsystem.common.Uses.prepareAbsolutPathForImg(Uses.java:882)
09.05.22 21:10.55_968 main[I] Properties are ready. at ru.apertum.qsystem.common.QConfig.prepareCLI(QConfig.java:333)
09.05.22 21:10.55_977 main[I] Languages are loading... at ru.apertum.qsystem.client.Locales.<init>(Locales.java:158)
09.05.22 21:10.56_091 main[I] "QSystem 21.1"!  date: 02.06.2021 at ru.apertum.qsystem.About.load(About.java:80)
09.05.22 21:10.56_091 main[I] Mode: KEY_DEBUG at ru.apertum.qsystem.About.load(About.java:84)
09.05.22 21:10.56_093 main[I] Plugins: YES at ru.apertum.qsystem.About.load(About.java:85)
09.05.22 21:10.56_285 main[I] Loading plugins from folder: ./plugins/ at ru.apertum.qsystem.common.Uses.loadPlugins(Uses.java:667)
09.05.22 21:10.56_286 main[I] Plugin Microsound.jar was loaded successfully. at ru.apertum.qsystem.common.Uses.loadPlugins(Uses.java:673)
09.05.22 21:10.56_297 main[I] Получить параметры. at ru.apertum.qsystem.common.NetCommander.getProperties(NetCommander.java:1213)
09.05.22 21:10.56_547 main[I] Получение возможных услуг. at ru.apertum.qsystem.common.NetCommander.getServices(NetCommander.java:328)
09.05.22 21:10.56_716 AWT-EventQueue-0[I] Создаем окно приглашения. at ru.apertum.qsystem.client.forms.FWelcome.init(FWelcome.java:844)
09.05.22 21:10.57_404 AWT-EventQueue-0[I] Показываем набор кнопок уровня: Дерево услуг ID=1 at ru.apertum.qsystem.client.forms.FWelcome.showButtons(FWelcome.java:1065)
09.05.22 21:10.57_496 Thread-2[I] Server for managment of registration point started. at ru.apertum.qsystem.client.forms.FWelcome$CommandServer.run(FWelcome.java:269)
09.05.22 21:10.57_597 AWT-EventQueue-0[E] Не найден файл "http://127.0.0.1:8081/d2.png" для HTML. at ru.apertum.qsystem.common.Uses.prepareAbsolutPathForImg(Uses.java:882)
09.05.22 21:21.59_531 main[I] Properties are ready. at ru.apertum.qsystem.common.QConfig.prepareCLI(QConfig.java:333)
09.05.22 21:21.59_542 main[I] Languages are loading... at ru.apertum.qsystem.client.Locales.<init>(Locales.java:158)
09.05.22 21:21.59_655 main[I] "QSystem 21.1"!  date: 02.06.2021 at ru.apertum.qsystem.About.load(About.java:80)
09.05.22 21:21.59_655 main[I] Mode: KEY_DEBUG at ru.apertum.qsystem.About.load(About.java:84)
09.05.22 21:21.59_656 main[I] Plugins: YES at ru.apertum.qsystem.About.load(About.java:85)
09.05.22 21:21.59_844 main[I] Loading plugins from folder: ./plugins/ at ru.apertum.qsystem.common.Uses.loadPlugins(Uses.java:667)
09.05.22 21:21.59_846 main[I] Plugin Microsound.jar was loaded successfully. at ru.apertum.qsystem.common.Uses.loadPlugins(Uses.java:673)
09.05.22 21:21.59_852 main[I] Получить параметры. at ru.apertum.qsystem.common.NetCommander.getProperties(NetCommander.java:1213)
09.05.22 21:22.00_061 main[I] Получение возможных услуг. at ru.apertum.qsystem.common.NetCommander.getServices(NetCommander.java:328)
09.05.22 21:22.00_263 AWT-EventQueue-0[I] Создаем окно приглашения. at ru.apertum.qsystem.client.forms.FWelcome.init(FWelcome.java:844)
09.05.22 21:22.00_927 AWT-EventQueue-0[I] Показываем набор кнопок уровня: Дерево услуг ID=1 at ru.apertum.qsystem.client.forms.FWelcome.showButtons(FWelcome.java:1065)
09.05.22 21:22.01_029 Thread-2[I] Server for managment of registration point started. at ru.apertum.qsystem.client.forms.FWelcome$CommandServer.run(FWelcome.java:269)
09.05.22 21:22.01_121 AWT-EventQueue-0[E] Не найден файл "http://127.0.0.1:8081/d2.png" для HTML. at ru.apertum.qsystem.common.Uses.prepareAbsolutPathForImg(Uses.java:882)
09.05.22 21:22.15_381 main[I] Properties are ready. at ru.apertum.qsystem.common.QConfig.prepareCLI(QConfig.java:333)
09.05.22 21:22.15_391 main[I] Languages are loading... at ru.apertum.qsystem.client.Locales.<init>(Locales.java:158)
09.05.22 21:22.15_493 main[I] "QSystem 21.1"!  date: 02.06.2021 at ru.apertum.qsystem.About.load(About.java:80)
09.05.22 21:22.15_493 main[I] Mode: KEY_DEBUG at ru.apertum.qsystem.About.load(About.java:84)
09.05.22 21:22.15_495 main[I] Plugins: YES at ru.apertum.qsystem.About.load(About.java:85)
09.05.22 21:22.15_679 main[I] Loading plugins from folder: ./plugins/ at ru.apertum.qsystem.common.Uses.loadPlugins(Uses.java:667)
09.05.22 21:22.15_681 main[I] Plugin Microsound.jar was loaded successfully. at ru.apertum.qsystem.common.Uses.loadPlugins(Uses.java:673)
09.05.22 21:22.15_690 main[I] Получить параметры. at ru.apertum.qsystem.common.NetCommander.getProperties(NetCommander.java:1213)
09.05.22 21:22.15_902 main[I] Получение возможных услуг. at ru.apertum.qsystem.common.NetCommander.getServices(NetCommander.java:328)
09.05.22 21:22.16_102 AWT-EventQueue-0[I] Создаем окно приглашения. at ru.apertum.qsystem.client.forms.FWelcome.init(FWelcome.java:844)
09.05.22 21:22.16_799 AWT-EventQueue-0[I] Показываем набор кнопок уровня: Дерево услуг ID=1 at ru.apertum.qsystem.client.forms.FWelcome.showButtons(FWelcome.java:1065)
09.05.22 21:22.16_889 Thread-2[I] Server for managment of registration point started. at ru.apertum.qsystem.client.forms.FWelcome$CommandServer.run(FWelcome.java:269)
09.05.22 21:22.16_993 AWT-EventQueue-0[E] Не найден файл "http://127.0.0.1:8081/d2.png" для HTML. at ru.apertum.qsystem.common.Uses.prepareAbsolutPathForImg(Uses.java:882)
10.05.22 08:00.17_845 AWT-EventQueue-0[I] Получить параметры. at ru.apertum.qsystem.common.NetCommander.getProperties(NetCommander.java:1213)
10.05.22 08:00.17_860 AWT-EventQueue-0[I] Пункт регистрации готов к работе. Состояние "Готов к работе" at ru.apertum.qsystem.client.forms.FWelcome.unlockWelcome(FWelcome.java:2017)
10.05.22 10:53.54_074 Thread-2[I] Получение возможных услуг. at ru.apertum.qsystem.common.NetCommander.getServices(NetCommander.java:328)
10.05.22 10:53.54_184 Thread-2[I] Показываем набор кнопок уровня: Дерево услуг ID=1 at ru.apertum.qsystem.client.forms.FWelcome.showButtons(FWelcome.java:1065)
10.05.22 10:53.54_188 Thread-2[I] Получить параметры. at ru.apertum.qsystem.common.NetCommander.getProperties(NetCommander.java:1213)
10.05.22 10:53.54_241 Thread-2[I] Пункт регистрации реинициализирован. Состояние "Готов к работе" at ru.apertum.qsystem.client.forms.FWelcome.reinit(FWelcome.java:2060)
10.05.22 10:54.03_627 main[I] Properties are ready. at ru.apertum.qsystem.common.QConfig.prepareCLI(QConfig.java:333)
10.05.22 10:54.03_637 main[I] Languages are loading... at ru.apertum.qsystem.client.Locales.<init>(Locales.java:158)
10.05.22 10:54.03_742 main[I] "QSystem 21.1"!  date: 02.06.2021 at ru.apertum.qsystem.About.load(About.java:80)
10.05.22 10:54.03_742 main[I] Mode: KEY_DEBUG at ru.apertum.qsystem.About.load(About.java:84)
10.05.22 10:54.03_743 main[I] Plugins: YES at ru.apertum.qsystem.About.load(About.java:85)
10.05.22 10:54.03_938 main[I] Loading plugins from folder: ./plugins/ at ru.apertum.qsystem.common.Uses.loadPlugins(Uses.java:667)
10.05.22 10:54.03_940 main[I] Plugin Microsound.jar was loaded successfully. at ru.apertum.qsystem.common.Uses.loadPlugins(Uses.java:673)
10.05.22 10:54.03_950 main[I] Получить параметры. at ru.apertum.qsystem.common.NetCommander.getProperties(NetCommander.java:1213)
10.05.22 10:54.04_176 main[I] Получение возможных услуг. at ru.apertum.qsystem.common.NetCommander.getServices(NetCommander.java:328)
10.05.22 10:54.04_377 AWT-EventQueue-0[I] Создаем окно приглашения. at ru.apertum.qsystem.client.forms.FWelcome.init(FWelcome.java:844)
10.05.22 10:54.05_000 AWT-EventQueue-0[I] Показываем набор кнопок уровня: Дерево услуг ID=1 at ru.apertum.qsystem.client.forms.FWelcome.showButtons(FWelcome.java:1065)
10.05.22 10:54.05_156 Thread-2[I] Server for managment of registration point started. at ru.apertum.qsystem.client.forms.FWelcome$CommandServer.run(FWelcome.java:269)
10.05.22 10:54.05_229 AWT-EventQueue-0[E] Не найден файл "http://127.0.0.1:8081/d2.png" для HTML. at ru.apertum.qsystem.common.Uses.prepareAbsolutPathForImg(Uses.java:882)
10.05.22 10:54.58_434 Thread-2[I] Получение возможных услуг. at ru.apertum.qsystem.common.NetCommander.getServices(NetCommander.java:328)
10.05.22 10:54.58_445 Thread-2[I] Показываем набор кнопок уровня: Дерево услуг ID=1 at ru.apertum.qsystem.client.forms.FWelcome.showButtons(FWelcome.java:1065)
10.05.22 10:54.58_473 Thread-2[I] Пункт регистрации реинициализирован. Состояние "Готов к работе" at ru.apertum.qsystem.client.forms.FWelcome.reinit(FWelcome.java:2060)
10.05.22 10:55.09_100 main[I] Properties are ready. at ru.apertum.qsystem.common.QConfig.prepareCLI(QConfig.java:333)
10.05.22 10:55.09_109 main[I] Languages are loading... at ru.apertum.qsystem.client.Locales.<init>(Locales.java:158)
10.05.22 10:55.09_211 main[I] "QSystem 21.1"!  date: 02.06.2021 at ru.apertum.qsystem.About.load(About.java:80)
10.05.22 10:55.09_212 main[I] Mode: KEY_DEBUG at ru.apertum.qsystem.About.load(About.java:84)
10.05.22 10:55.09_213 main[I] Plugins: YES at ru.apertum.qsystem.About.load(About.java:85)
10.05.22 10:55.09_393 main[I] Loading plugins from folder: ./plugins/ at ru.apertum.qsystem.common.Uses.loadPlugins(Uses.java:667)
10.05.22 10:55.09_395 main[I] Plugin Microsound.jar was loaded successfully. at ru.apertum.qsystem.common.Uses.loadPlugins(Uses.java:673)
10.05.22 10:55.09_402 main[I] Получить параметры. at ru.apertum.qsystem.common.NetCommander.getProperties(NetCommander.java:1213)
10.05.22 10:55.09_619 main[I] Получение возможных услуг. at ru.apertum.qsystem.common.NetCommander.getServices(NetCommander.java:328)
10.05.22 10:55.09_816 AWT-EventQueue-0[I] Создаем окно приглашения. at ru.apertum.qsystem.client.forms.FWelcome.init(FWelcome.java:844)
10.05.22 10:55.10_494 AWT-EventQueue-0[I] Показываем набор кнопок уровня: Дерево услуг ID=1 at ru.apertum.qsystem.client.forms.FWelcome.showButtons(FWelcome.java:1065)
10.05.22 10:55.10_619 Thread-2[I] Server for managment of registration point started. at ru.apertum.qsystem.client.forms.FWelcome$CommandServer.run(FWelcome.java:269)
10.05.22 10:55.10_721 AWT-EventQueue-0[E] Не найден файл "http://127.0.0.1:8081/d2.png" для HTML. at ru.apertum.qsystem.common.Uses.prepareAbsolutPathForImg(Uses.java:882)
10.05.22 10:56.00_880 main[I] Properties are ready. at ru.apertum.qsystem.common.QConfig.prepareCLI(QConfig.java:333)
10.05.22 10:56.00_889 main[I] Languages are loading... at ru.apertum.qsystem.client.Locales.<init>(Locales.java:158)
10.05.22 10:56.00_993 main[I] "QSystem 21.1"!  date: 02.06.2021 at ru.apertum.qsystem.About.load(About.java:80)
10.05.22 10:56.00_994 main[I] Mode: FULL at ru.apertum.qsystem.About.load(About.java:84)
10.05.22 10:56.00_995 main[I] Plugins: YES at ru.apertum.qsystem.About.load(About.java:85)
10.05.22 10:56.01_185 main[I] Loading plugins from folder: ./plugins/ at ru.apertum.qsystem.common.Uses.loadPlugins(Uses.java:667)
10.05.22 10:56.01_186 main[I] Plugin Microsound.jar was loaded successfully. at ru.apertum.qsystem.common.Uses.loadPlugins(Uses.java:673)
10.05.22 10:56.01_193 main[I] Получить параметры. at ru.apertum.qsystem.common.NetCommander.getProperties(NetCommander.java:1213)
10.05.22 10:56.01_404 main[I] Получение возможных услуг. at ru.apertum.qsystem.common.NetCommander.getServices(NetCommander.java:328)
10.05.22 10:56.01_610 AWT-EventQueue-0[I] Создаем окно приглашения. at ru.apertum.qsystem.client.forms.FWelcome.init(FWelcome.java:844)
10.05.22 10:56.02_281 AWT-EventQueue-0[I] Показываем набор кнопок уровня: Дерево услуг ID=1 at ru.apertum.qsystem.client.forms.FWelcome.showButtons(FWelcome.java:1065)
10.05.22 10:56.02_420 Thread-2[I] Server for managment of registration point started. at ru.apertum.qsystem.client.forms.FWelcome$CommandServer.run(FWelcome.java:269)
10.05.22 10:56.02_510 AWT-EventQueue-0[E] Не найден файл "http://127.0.0.1:8081/d2.png" для HTML. at ru.apertum.qsystem.common.Uses.prepareAbsolutPathForImg(Uses.java:882)
10.05.22 11:00.33_532 main[I] Properties are ready. at ru.apertum.qsystem.common.QConfig.prepareCLI(QConfig.java:333)
10.05.22 11:00.33_542 main[I] Languages are loading... at ru.apertum.qsystem.client.Locales.<init>(Locales.java:158)
10.05.22 11:00.33_651 main[I] "QSystem 21.1"!  date: 02.06.2021 at ru.apertum.qsystem.About.load(About.java:80)
10.05.22 11:00.33_651 main[I] Mode: KEY_DEBUG at ru.apertum.qsystem.About.load(About.java:84)
10.05.22 11:00.33_653 main[I] Plugins: YES at ru.apertum.qsystem.About.load(About.java:85)
10.05.22 11:00.33_840 main[I] Loading plugins from folder: ./plugins/ at ru.apertum.qsystem.common.Uses.loadPlugins(Uses.java:667)
10.05.22 11:00.33_842 main[I] Plugin Microsound.jar was loaded successfully. at ru.apertum.qsystem.common.Uses.loadPlugins(Uses.java:673)
10.05.22 11:00.33_852 main[I] Получить параметры. at ru.apertum.qsystem.common.NetCommander.getProperties(NetCommander.java:1213)
10.05.22 11:00.34_060 main[I] Получение возможных услуг. at ru.apertum.qsystem.common.NetCommander.getServices(NetCommander.java:328)
10.05.22 11:00.34_204 AWT-EventQueue-0[I] Создаем окно приглашения. at ru.apertum.qsystem.client.forms.FWelcome.init(FWelcome.java:844)
10.05.22 11:00.34_919 AWT-EventQueue-0[I] Показываем набор кнопок уровня: Дерево услуг ID=1 at ru.apertum.qsystem.client.forms.FWelcome.showButtons(FWelcome.java:1065)
10.05.22 11:00.35_070 Thread-2[I] Server for managment of registration point started. at ru.apertum.qsystem.client.forms.FWelcome$CommandServer.run(FWelcome.java:269)
10.05.22 11:00.35_157 AWT-EventQueue-0[E] Не найден файл "http://127.0.0.1:8081/d2.png" для HTML. at ru.apertum.qsystem.common.Uses.prepareAbsolutPathForImg(Uses.java:882)
10.05.22 11:10.26_636 Thread-2[I] Получение возможных услуг. at ru.apertum.qsystem.common.NetCommander.getServices(NetCommander.java:328)
10.05.22 11:10.26_751 Thread-2[I] Показываем набор кнопок уровня: Дерево услуг ID=1 at ru.apertum.qsystem.client.forms.FWelcome.showButtons(FWelcome.java:1065)
10.05.22 11:10.26_775 Thread-2[I] Пункт регистрации реинициализирован. Состояние "Готов к работе" at ru.apertum.qsystem.client.forms.FWelcome.reinit(FWelcome.java:2060)
10.05.22 11:10.34_657 AWT-EventQueue-0[I] Получить параметры. at ru.apertum.qsystem.common.NetCommander.getProperties(NetCommander.java:1213)
10.05.22 11:10.40_769 AWT-EventQueue-0[I] Pressed button "Выдача Карт (Окно 1,2,3,4) " ID=1652115222583 at ru.apertum.qsystem.client.model.QButton$WelcomeButtonEvent.actionPerformed(QButton.java:430)
10.05.22 11:10.40_774 AWT-EventQueue-0[I] Узнать сколько народу стоит к услуге. at ru.apertum.qsystem.common.NetCommander.aboutService(NetCommander.java:414)
10.05.22 11:10.40_933 AWT-EventQueue-0[I] Встать в очередь. at ru.apertum.qsystem.common.NetCommander.standInService(NetCommander.java:350)
10.05.22 11:10.46_079 AWT-EventQueue-0[I] Показываем набор кнопок уровня: Дерево услуг ID=1 at ru.apertum.qsystem.client.forms.FWelcome.showButtons(FWelcome.java:1065)
10.05.22 11:10.49_403 AWT-EventQueue-0[I] Pressed button "Выдача Карт (Окно 1,2,3,4) " ID=1652115222583 at ru.apertum.qsystem.client.model.QButton$WelcomeButtonEvent.actionPerformed(QButton.java:430)
10.05.22 11:10.49_404 AWT-EventQueue-0[I] Узнать сколько народу стоит к услуге. at ru.apertum.qsystem.common.NetCommander.aboutService(NetCommander.java:414)
10.05.22 11:10.49_520 AWT-EventQueue-0[I] Встать в очередь. at ru.apertum.qsystem.common.NetCommander.standInService(NetCommander.java:350)
10.05.22 11:10.54_670 AWT-EventQueue-0[I] Показываем набор кнопок уровня: Дерево услуг ID=1 at ru.apertum.qsystem.client.forms.FWelcome.showButtons(FWelcome.java:1065)
10.05.22 11:27.48_676 Thread-2[I] Получение возможных услуг. at ru.apertum.qsystem.common.NetCommander.getServices(NetCommander.java:328)
10.05.22 11:27.48_800 Thread-2[I] Показываем набор кнопок уровня: Дерево услуг ID=1 at ru.apertum.qsystem.client.forms.FWelcome.showButtons(FWelcome.java:1065)
10.05.22 11:27.48_804 Thread-2[I] Получить параметры. at ru.apertum.qsystem.common.NetCommander.getProperties(NetCommander.java:1213)
10.05.22 11:27.48_844 Thread-2[I] Пункт регистрации реинициализирован. Состояние "Готов к работе" at ru.apertum.qsystem.client.forms.FWelcome.reinit(FWelcome.java:2060)
10.05.22 15:40.07_920 main[I] Properties are ready. at ru.apertum.qsystem.common.QConfig.prepareCLI(QConfig.java:333)
10.05.22 15:40.07_930 main[I] Languages are loading... at ru.apertum.qsystem.client.Locales.<init>(Locales.java:158)
10.05.22 15:40.08_065 main[I] "QSystem 21.1"!  date: 02.06.2021 at ru.apertum.qsystem.About.load(About.java:80)
10.05.22 15:40.08_066 main[I] Mode: FULL at ru.apertum.qsystem.About.load(About.java:84)
10.05.22 15:40.08_068 main[I] Plugins: YES at ru.apertum.qsystem.About.load(About.java:85)
10.05.22 15:40.08_327 main[I] Loading plugins from folder: ./plugins/ at ru.apertum.qsystem.common.Uses.loadPlugins(Uses.java:667)
10.05.22 15:40.08_329 main[I] Plugin Microsound.jar was loaded successfully. at ru.apertum.qsystem.common.Uses.loadPlugins(Uses.java:673)
10.05.22 15:40.08_338 main[I] Получить параметры. at ru.apertum.qsystem.common.NetCommander.getProperties(NetCommander.java:1213)
10.05.22 15:40.08_595 main[I] Получение возможных услуг. at ru.apertum.qsystem.common.NetCommander.getServices(NetCommander.java:328)
10.05.22 15:40.08_786 AWT-EventQueue-0[I] Создаем окно приглашения. at ru.apertum.qsystem.client.forms.FWelcome.init(FWelcome.java:844)
10.05.22 15:40.09_878 AWT-EventQueue-0[I] Показываем набор кнопок уровня: Дерево услуг ID=1 at ru.apertum.qsystem.client.forms.FWelcome.showButtons(FWelcome.java:1065)
10.05.22 15:40.10_228 Thread-2[E] Error! Ошибка при создании серверного сокета:Address already in use: JVM_Bind
java.net.BindException: Address already in use: JVM_Bind at ru.apertum.qsystem.common.exceptions.ServerException.<init>(ServerException.java:44)
ru.apertum.qsystem.common.exceptions.ClientException: Ошибка при создании серверного сокета:Address already in use: JVM_Bind
	at ru.apertum.qsystem.client.forms.FWelcome$CommandServer.run(FWelcome.java:263) [QSystem.jar:?]
	at java.lang.Thread.run(Unknown Source) [?:1.8.0_333]
Caused by: java.net.BindException: Address already in use: JVM_Bind
	at java.net.DualStackPlainSocketImpl.bind0(Native Method) ~[?:1.8.0_333]
	at java.net.DualStackPlainSocketImpl.socketBind(Unknown Source) ~[?:1.8.0_333]
	at java.net.AbstractPlainSocketImpl.bind(Unknown Source) ~[?:1.8.0_333]
	at java.net.PlainSocketImpl.bind(Unknown Source) ~[?:1.8.0_333]
	at java.net.ServerSocket.bind(Unknown Source) ~[?:1.8.0_333]
	at java.net.ServerSocket.<init>(Unknown Source) ~[?:1.8.0_333]
	at java.net.ServerSocket.<init>(Unknown Source) ~[?:1.8.0_333]
	at ru.apertum.qsystem.client.forms.FWelcome$CommandServer.run(FWelcome.java:261) ~[QSystem.jar:?]
	... 1 more
10.05.22 15:40.10_431 AWT-EventQueue-0[E] Не найден файл "http://127.0.0.1:8081/d2.png" для HTML. at ru.apertum.qsystem.common.Uses.prepareAbsolutPathForImg(Uses.java:882)
10.05.22 15:41.52_950 main[I] Properties are ready. at ru.apertum.qsystem.common.QConfig.prepareCLI(QConfig.java:333)
10.05.22 15:41.52_959 main[I] Languages are loading... at ru.apertum.qsystem.client.Locales.<init>(Locales.java:158)
10.05.22 15:41.53_070 main[I] "QSystem 21.1"!  date: 02.06.2021 at ru.apertum.qsystem.About.load(About.java:80)
10.05.22 15:41.53_071 main[I] Mode: FULL at ru.apertum.qsystem.About.load(About.java:84)
10.05.22 15:41.53_072 main[I] Plugins: YES at ru.apertum.qsystem.About.load(About.java:85)
10.05.22 15:41.53_262 main[I] Loading plugins from folder: ./plugins/ at ru.apertum.qsystem.common.Uses.loadPlugins(Uses.java:667)
10.05.22 15:41.53_264 main[I] Plugin Microsound.jar was loaded successfully. at ru.apertum.qsystem.common.Uses.loadPlugins(Uses.java:673)
10.05.22 15:41.53_271 main[I] Получить параметры. at ru.apertum.qsystem.common.NetCommander.getProperties(NetCommander.java:1213)
10.05.22 15:41.53_476 main[I] Получение возможных услуг. at ru.apertum.qsystem.common.NetCommander.getServices(NetCommander.java:328)
10.05.22 15:41.53_610 AWT-EventQueue-0[I] Создаем окно приглашения. at ru.apertum.qsystem.client.forms.FWelcome.init(FWelcome.java:844)
10.05.22 15:41.54_286 AWT-EventQueue-0[I] Показываем набор кнопок уровня: Дерево услуг ID=1 at ru.apertum.qsystem.client.forms.FWelcome.showButtons(FWelcome.java:1065)
10.05.22 15:41.54_486 Thread-2[I] Server for managment of registration point started. at ru.apertum.qsystem.client.forms.FWelcome$CommandServer.run(FWelcome.java:269)
10.05.22 15:41.54_581 AWT-EventQueue-0[E] Не найден файл "http://127.0.0.1:8081/d2.png" для HTML. at ru.apertum.qsystem.common.Uses.prepareAbsolutPathForImg(Uses.java:882)
10.05.22 19:14.37_497 main[I] Properties are ready. at ru.apertum.qsystem.common.QConfig.prepareCLI(QConfig.java:333)
10.05.22 19:14.37_507 main[I] Languages are loading... at ru.apertum.qsystem.client.Locales.<init>(Locales.java:158)
10.05.22 19:14.37_616 main[I] "QSystem 21.1"!  date: 02.06.2021 at ru.apertum.qsystem.About.load(About.java:80)
10.05.22 19:14.37_617 main[I] Mode: KEY_DEBUG at ru.apertum.qsystem.About.load(About.java:84)
10.05.22 19:14.37_618 main[I] Plugins: YES at ru.apertum.qsystem.About.load(About.java:85)
10.05.22 19:14.37_810 main[I] Loading plugins from folder: ./plugins/ at ru.apertum.qsystem.common.Uses.loadPlugins(Uses.java:667)
10.05.22 19:14.37_812 main[I] Plugin Microsound.jar was loaded successfully. at ru.apertum.qsystem.common.Uses.loadPlugins(Uses.java:673)
10.05.22 19:14.37_819 main[I] Получить параметры. at ru.apertum.qsystem.common.NetCommander.getProperties(NetCommander.java:1213)
10.05.22 19:14.38_053 main[I] Получение возможных услуг. at ru.apertum.qsystem.common.NetCommander.getServices(NetCommander.java:328)
10.05.22 19:14.38_209 AWT-EventQueue-0[I] Создаем окно приглашения. at ru.apertum.qsystem.client.forms.FWelcome.init(FWelcome.java:844)
10.05.22 19:14.38_951 AWT-EventQueue-0[I] Показываем набор кнопок уровня: Дерево услуг ID=1 at ru.apertum.qsystem.client.forms.FWelcome.showButtons(FWelcome.java:1065)
10.05.22 19:14.39_089 Thread-2[I] Server for managment of registration point started. at ru.apertum.qsystem.client.forms.FWelcome$CommandServer.run(FWelcome.java:269)
10.05.22 19:14.39_189 AWT-EventQueue-0[E] Не найден файл "http://127.0.0.1:8081/d2.png" для HTML. at ru.apertum.qsystem.common.Uses.prepareAbsolutPathForImg(Uses.java:882)
10.05.22 19:14.55_722 AWT-EventQueue-0[I] Pressed button "Для держателей «Visa Infinite»" ID=1652115237630 at ru.apertum.qsystem.client.model.QButton$WelcomeButtonEvent.actionPerformed(QButton.java:430)
10.05.22 19:14.55_725 AWT-EventQueue-0[I] Узнать сколько народу стоит к услуге. at ru.apertum.qsystem.common.NetCommander.aboutService(NetCommander.java:414)
10.05.22 19:14.55_779 AWT-EventQueue-0[I] Просмотр состояния очереди и принятие решения о постановки себя в очередь. at ru.apertum.qsystem.client.forms.FConfirmationStart2.getMayContinue(FConfirmationStart2.java:111)
10.05.22 19:16.26_765 main[I] Properties are ready. at ru.apertum.qsystem.common.QConfig.prepareCLI(QConfig.java:333)
10.05.22 19:16.26_773 main[I] Languages are loading... at ru.apertum.qsystem.client.Locales.<init>(Locales.java:158)
10.05.22 19:16.26_877 main[I] "QSystem 21.1"!  date: 02.06.2021 at ru.apertum.qsystem.About.load(About.java:80)
10.05.22 19:16.26_878 main[I] Mode: KEY_DEBUG at ru.apertum.qsystem.About.load(About.java:84)
10.05.22 19:16.26_879 main[I] Plugins: YES at ru.apertum.qsystem.About.load(About.java:85)
10.05.22 19:16.27_064 main[I] Loading plugins from folder: ./plugins/ at ru.apertum.qsystem.common.Uses.loadPlugins(Uses.java:667)
10.05.22 19:16.27_066 main[I] Plugin Microsound.jar was loaded successfully. at ru.apertum.qsystem.common.Uses.loadPlugins(Uses.java:673)
10.05.22 19:16.27_073 main[I] Получить параметры. at ru.apertum.qsystem.common.NetCommander.getProperties(NetCommander.java:1213)
10.05.22 19:16.27_295 main[I] Получение возможных услуг. at ru.apertum.qsystem.common.NetCommander.getServices(NetCommander.java:328)
10.05.22 19:16.27_508 AWT-EventQueue-0[I] Создаем окно приглашения. at ru.apertum.qsystem.client.forms.FWelcome.init(FWelcome.java:844)
10.05.22 19:16.28_168 AWT-EventQueue-0[I] Показываем набор кнопок уровня: Дерево услуг ID=1 at ru.apertum.qsystem.client.forms.FWelcome.showButtons(FWelcome.java:1065)
10.05.22 19:16.28_308 Thread-2[I] Server for managment of registration point started. at ru.apertum.qsystem.client.forms.FWelcome$CommandServer.run(FWelcome.java:269)
10.05.22 19:16.28_404 AWT-EventQueue-0[E] Не найден файл "http://127.0.0.1:8081/d2.png" для HTML. at ru.apertum.qsystem.common.Uses.prepareAbsolutPathForImg(Uses.java:882)
10.05.22 19:16.32_411 AWT-EventQueue-0[I] Pressed button "Выдача Карт (Окно 1,2,3,4) " ID=1652115222583 at ru.apertum.qsystem.client.model.QButton$WelcomeButtonEvent.actionPerformed(QButton.java:430)
10.05.22 19:16.32_414 AWT-EventQueue-0[I] Узнать сколько народу стоит к услуге. at ru.apertum.qsystem.common.NetCommander.aboutService(NetCommander.java:414)
10.05.22 19:16.32_458 AWT-EventQueue-0[I] Встать в очередь. at ru.apertum.qsystem.common.NetCommander.standInService(NetCommander.java:350)
10.05.22 19:16.37_579 AWT-EventQueue-0[I] Показываем набор кнопок уровня: Дерево услуг ID=1 at ru.apertum.qsystem.client.forms.FWelcome.showButtons(FWelcome.java:1065)
10.05.22 19:23.49_086 AWT-EventQueue-0[I] Pressed button "Выдача Карт (Окно 1,2,3,4) " ID=1652115222583 at ru.apertum.qsystem.client.model.QButton$WelcomeButtonEvent.actionPerformed(QButton.java:430)
10.05.22 19:23.49_087 AWT-EventQueue-0[I] Узнать сколько народу стоит к услуге. at ru.apertum.qsystem.common.NetCommander.aboutService(NetCommander.java:414)
10.05.22 19:23.49_107 AWT-EventQueue-0[I] Встать в очередь. at ru.apertum.qsystem.common.NetCommander.standInService(NetCommander.java:350)
10.05.22 19:23.54_242 AWT-EventQueue-0[I] Показываем набор кнопок уровня: Дерево услуг ID=1 at ru.apertum.qsystem.client.forms.FWelcome.showButtons(FWelcome.java:1065)
10.05.22 19:40.44_919 main[I] Properties are ready. at ru.apertum.qsystem.common.QConfig.prepareCLI(QConfig.java:333)
10.05.22 19:40.44_934 main[I] Languages are loading... at ru.apertum.qsystem.client.Locales.<init>(Locales.java:158)
10.05.22 19:40.45_041 main[I] "QSystem 21.1"!  date: 02.06.2021 at ru.apertum.qsystem.About.load(About.java:80)
10.05.22 19:40.45_041 main[I] Mode: KEY_DEBUG at ru.apertum.qsystem.About.load(About.java:84)
10.05.22 19:40.45_042 main[I] Plugins: YES at ru.apertum.qsystem.About.load(About.java:85)
10.05.22 19:40.45_240 main[I] Loading plugins from folder: ./plugins/ at ru.apertum.qsystem.common.Uses.loadPlugins(Uses.java:667)
10.05.22 19:40.45_242 main[I] Plugin Microsound.jar was loaded successfully. at ru.apertum.qsystem.common.Uses.loadPlugins(Uses.java:673)
10.05.22 19:40.45_250 main[I] Получить параметры. at ru.apertum.qsystem.common.NetCommander.getProperties(NetCommander.java:1213)
10.05.22 19:40.45_587 main[I] Получение возможных услуг. at ru.apertum.qsystem.common.NetCommander.getServices(NetCommander.java:328)
10.05.22 19:40.45_719 AWT-EventQueue-0[I] Создаем окно приглашения. at ru.apertum.qsystem.client.forms.FWelcome.init(FWelcome.java:844)
10.05.22 19:40.46_419 AWT-EventQueue-0[I] Показываем набор кнопок уровня: Дерево услуг ID=1 at ru.apertum.qsystem.client.forms.FWelcome.showButtons(FWelcome.java:1065)
10.05.22 19:40.46_572 Thread-2[I] Server for managment of registration point started. at ru.apertum.qsystem.client.forms.FWelcome$CommandServer.run(FWelcome.java:269)
10.05.22 19:40.46_677 AWT-EventQueue-0[E] Не найден файл "http://127.0.0.1:8081/d2.png" для HTML. at ru.apertum.qsystem.common.Uses.prepareAbsolutPathForImg(Uses.java:882)
10.05.22 19:40.51_130 AWT-EventQueue-0[I] Pressed button "Выдача Карт (Окно 1,2,3,4) " ID=1652115222583 at ru.apertum.qsystem.client.model.QButton$WelcomeButtonEvent.actionPerformed(QButton.java:430)
10.05.22 19:40.51_133 AWT-EventQueue-0[I] Узнать сколько народу стоит к услуге. at ru.apertum.qsystem.common.NetCommander.aboutService(NetCommander.java:414)
10.05.22 19:40.51_295 AWT-EventQueue-0[I] Встать в очередь. at ru.apertum.qsystem.common.NetCommander.standInService(NetCommander.java:350)
10.05.22 19:40.56_402 AWT-EventQueue-0[I] Показываем набор кнопок уровня: Дерево услуг ID=1 at ru.apertum.qsystem.client.forms.FWelcome.showButtons(FWelcome.java:1065)
10.05.22 19:43.39_070 main[I] Properties are ready. at ru.apertum.qsystem.common.QConfig.prepareCLI(QConfig.java:333)
10.05.22 19:43.39_080 main[I] Languages are loading... at ru.apertum.qsystem.client.Locales.<init>(Locales.java:158)
10.05.22 19:43.39_189 main[I] "QSystem 21.1"!  date: 02.06.2021 at ru.apertum.qsystem.About.load(About.java:80)
10.05.22 19:43.39_190 main[I] Mode: KEY_DEBUG at ru.apertum.qsystem.About.load(About.java:84)
10.05.22 19:43.39_191 main[I] Plugins: YES at ru.apertum.qsystem.About.load(About.java:85)
10.05.22 19:43.39_381 main[I] Loading plugins from folder: ./plugins/ at ru.apertum.qsystem.common.Uses.loadPlugins(Uses.java:667)
10.05.22 19:43.39_383 main[I] Plugin Microsound.jar was loaded successfully. at ru.apertum.qsystem.common.Uses.loadPlugins(Uses.java:673)
10.05.22 19:43.39_390 main[I] Получить параметры. at ru.apertum.qsystem.common.NetCommander.getProperties(NetCommander.java:1213)
10.05.22 19:43.39_652 main[I] Получение возможных услуг. at ru.apertum.qsystem.common.NetCommander.getServices(NetCommander.java:328)
10.05.22 19:43.39_812 AWT-EventQueue-0[I] Создаем окно приглашения. at ru.apertum.qsystem.client.forms.FWelcome.init(FWelcome.java:844)
10.05.22 19:43.40_500 AWT-EventQueue-0[I] Показываем набор кнопок уровня: Дерево услуг ID=1 at ru.apertum.qsystem.client.forms.FWelcome.showButtons(FWelcome.java:1065)
10.05.22 19:43.40_651 Thread-2[I] Server for managment of registration point started. at ru.apertum.qsystem.client.forms.FWelcome$CommandServer.run(FWelcome.java:269)
10.05.22 19:43.40_741 AWT-EventQueue-0[E] Не найден файл "http://127.0.0.1:8081/d2.png" для HTML. at ru.apertum.qsystem.common.Uses.prepareAbsolutPathForImg(Uses.java:882)
10.05.22 19:43.45_537 AWT-EventQueue-0[I] Pressed button "Выдача Карт (Окно 1,2,3,4) " ID=1652115222583 at ru.apertum.qsystem.client.model.QButton$WelcomeButtonEvent.actionPerformed(QButton.java:430)
10.05.22 19:43.45_541 AWT-EventQueue-0[I] Узнать сколько народу стоит к услуге. at ru.apertum.qsystem.common.NetCommander.aboutService(NetCommander.java:414)
10.05.22 19:43.45_614 AWT-EventQueue-0[I] Встать в очередь. at ru.apertum.qsystem.common.NetCommander.standInService(NetCommander.java:350)
10.05.22 19:43.50_716 AWT-EventQueue-0[I] Показываем набор кнопок уровня: Дерево услуг ID=1 at ru.apertum.qsystem.client.forms.FWelcome.showButtons(FWelcome.java:1065)
10.05.22 19:44.43_221 AWT-EventQueue-0[I] Pressed button "Выдача Карт (Окно 1,2,3,4) " ID=1652115222583 at ru.apertum.qsystem.client.model.QButton$WelcomeButtonEvent.actionPerformed(QButton.java:430)
10.05.22 19:44.43_222 AWT-EventQueue-0[I] Узнать сколько народу стоит к услуге. at ru.apertum.qsystem.common.NetCommander.aboutService(NetCommander.java:414)
10.05.22 19:44.43_246 AWT-EventQueue-0[I] Встать в очередь. at ru.apertum.qsystem.common.NetCommander.standInService(NetCommander.java:350)
10.05.22 19:44.48_399 AWT-EventQueue-0[I] Показываем набор кнопок уровня: Дерево услуг ID=1 at ru.apertum.qsystem.client.forms.FWelcome.showButtons(FWelcome.java:1065)
10.05.22 19:45.03_083 AWT-EventQueue-0[I] Pressed button "Выдача Карт (Окно 1,2,3,4) " ID=1652115222583 at ru.apertum.qsystem.client.model.QButton$WelcomeButtonEvent.actionPerformed(QButton.java:430)
10.05.22 19:45.03_084 AWT-EventQueue-0[I] Узнать сколько народу стоит к услуге. at ru.apertum.qsystem.common.NetCommander.aboutService(NetCommander.java:414)
10.05.22 19:45.03_107 AWT-EventQueue-0[I] Встать в очередь. at ru.apertum.qsystem.common.NetCommander.standInService(NetCommander.java:350)
10.05.22 19:45.08_225 AWT-EventQueue-0[I] Показываем набор кнопок уровня: Дерево услуг ID=1 at ru.apertum.qsystem.client.forms.FWelcome.showButtons(FWelcome.java:1065)
10.05.22 20:15.32_749 AWT-EventQueue-0[I] Получить параметры. at ru.apertum.qsystem.common.NetCommander.getProperties(NetCommander.java:1213)
10.05.22 21:00.40_773 AWT-EventQueue-0[I] Получить параметры. at ru.apertum.qsystem.common.NetCommander.getProperties(NetCommander.java:1213)
10.05.22 21:00.40_796 AWT-EventQueue-0[I] Пункт регистрации заблокирован. Состояние "Заблокирован" at ru.apertum.qsystem.client.forms.FWelcome.lockWelcome(FWelcome.java:2008)
11.05.22 08:00.41_621 AWT-EventQueue-0[I] Получить параметры. at ru.apertum.qsystem.common.NetCommander.getProperties(NetCommander.java:1213)
11.05.22 08:00.41_644 AWT-EventQueue-0[I] Пункт регистрации готов к работе. Состояние "Готов к работе" at ru.apertum.qsystem.client.forms.FWelcome.unlockWelcome(FWelcome.java:2017)
11.05.22 11:50.32_952 main[I] Properties are ready. at ru.apertum.qsystem.common.QConfig.prepareCLI(QConfig.java:333)
11.05.22 11:50.32_962 main[I] Languages are loading... at ru.apertum.qsystem.client.Locales.<init>(Locales.java:158)
11.05.22 11:50.33_061 main[I] "QSystem 21.1"!  date: 02.06.2021 at ru.apertum.qsystem.About.load(About.java:80)
11.05.22 11:50.33_061 main[I] Mode: FULL at ru.apertum.qsystem.About.load(About.java:84)
11.05.22 11:50.33_062 main[I] Plugins: YES at ru.apertum.qsystem.About.load(About.java:85)
11.05.22 11:50.33_687 main[E] Не найден файл "http://127.0.0.1:8081/d2.png" для HTML. at ru.apertum.qsystem.common.Uses.prepareAbsolutPathForImg(Uses.java:882)
11.05.22 11:51.27_475 AWT-EventQueue-0[I] Получить параметры. at ru.apertum.qsystem.common.NetCommander.getProperties(NetCommander.java:1213)
11.05.22 17:05.56_469 AWT-EventQueue-0[I] Pressed button "Касса (5,6)" ID=1652115230009 at ru.apertum.qsystem.client.model.QButton$WelcomeButtonEvent.actionPerformed(QButton.java:430)
11.05.22 17:05.56_470 AWT-EventQueue-0[I] Узнать сколько народу стоит к услуге. at ru.apertum.qsystem.common.NetCommander.aboutService(NetCommander.java:414)
11.05.22 17:05.56_503 AWT-EventQueue-0[I] Получить параметры. at ru.apertum.qsystem.common.NetCommander.getProperties(NetCommander.java:1213)
11.05.22 17:05.56_535 AWT-EventQueue-0[I] Встать в очередь. at ru.apertum.qsystem.common.NetCommander.standInService(NetCommander.java:350)
11.05.22 17:06.01_589 AWT-EventQueue-0[I] Показываем набор кнопок уровня: Дерево услуг ID=1 at ru.apertum.qsystem.client.forms.FWelcome.showButtons(FWelcome.java:1065)
11.05.22 17:06.06_268 AWT-EventQueue-0[I] Pressed button "Выдача Карт (Окно 1,2,3,4) " ID=1652115222583 at ru.apertum.qsystem.client.model.QButton$WelcomeButtonEvent.actionPerformed(QButton.java:430)
11.05.22 17:06.06_269 AWT-EventQueue-0[I] Узнать сколько народу стоит к услуге. at ru.apertum.qsystem.common.NetCommander.aboutService(NetCommander.java:414)
11.05.22 17:06.06_385 AWT-EventQueue-0[I] Встать в очередь. at ru.apertum.qsystem.common.NetCommander.standInService(NetCommander.java:350)
11.05.22 17:06.11_513 AWT-EventQueue-0[I] Показываем набор кнопок уровня: Дерево услуг ID=1 at ru.apertum.qsystem.client.forms.FWelcome.showButtons(FWelcome.java:1065)
11.05.22 17:06.18_244 AWT-EventQueue-0[I] Pressed button "Для держателей «Visa Infinite»" ID=1652115237630 at ru.apertum.qsystem.client.model.QButton$WelcomeButtonEvent.actionPerformed(QButton.java:430)
11.05.22 17:06.18_245 AWT-EventQueue-0[I] Узнать сколько народу стоит к услуге. at ru.apertum.qsystem.common.NetCommander.aboutService(NetCommander.java:414)
11.05.22 17:06.18_361 AWT-EventQueue-0[I] Встать в очередь. at ru.apertum.qsystem.common.NetCommander.standInService(NetCommander.java:350)
11.05.22 17:06.23_504 AWT-EventQueue-0[I] Показываем набор кнопок уровня: Дерево услуг ID=1 at ru.apertum.qsystem.client.forms.FWelcome.showButtons(FWelcome.java:1065)
11.05.22 17:08.20_827 AWT-EventQueue-0[I] Pressed button "Касса (5,6)" ID=1652115230009 at ru.apertum.qsystem.client.model.QButton$WelcomeButtonEvent.actionPerformed(QButton.java:430)
11.05.22 17:08.20_828 AWT-EventQueue-0[I] Узнать сколько народу стоит к услуге. at ru.apertum.qsystem.common.NetCommander.aboutService(NetCommander.java:414)
11.05.22 17:08.20_845 AWT-EventQueue-0[I] Встать в очередь. at ru.apertum.qsystem.common.NetCommander.standInService(NetCommander.java:350)
11.05.22 17:08.26_010 AWT-EventQueue-0[I] Показываем набор кнопок уровня: Дерево услуг ID=1 at ru.apertum.qsystem.client.forms.FWelcome.showButtons(FWelcome.java:1065)
11.05.22 18:56.59_395 AWT-EventQueue-0[I] Получить параметры. at ru.apertum.qsystem.common.NetCommander.getProperties(NetCommander.java:1213)
11.05.22 20:45.49_588 main[I] Properties are ready. at ru.apertum.qsystem.common.QConfig.prepareCLI(QConfig.java:333)
11.05.22 20:45.49_598 main[I] Languages are loading... at ru.apertum.qsystem.client.Locales.<init>(Locales.java:158)
11.05.22 20:45.49_705 main[I] "QSystem 21.1"!  date: 02.06.2021 at ru.apertum.qsystem.About.load(About.java:80)
11.05.22 20:45.49_706 main[I] Mode: KEY_DEBUG at ru.apertum.qsystem.About.load(About.java:84)
11.05.22 20:45.49_707 main[I] Plugins: YES at ru.apertum.qsystem.About.load(About.java:85)
11.05.22 20:45.49_899 main[I] Loading plugins from folder: ./plugins/ at ru.apertum.qsystem.common.Uses.loadPlugins(Uses.java:667)
11.05.22 20:45.49_901 main[I] Plugin Microsound.jar was loaded successfully. at ru.apertum.qsystem.common.Uses.loadPlugins(Uses.java:673)
11.05.22 20:45.49_908 main[I] Получить параметры. at ru.apertum.qsystem.common.NetCommander.getProperties(NetCommander.java:1213)
11.05.22 20:45.50_091 main[I] Получение возможных услуг. at ru.apertum.qsystem.common.NetCommander.getServices(NetCommander.java:328)
11.05.22 20:45.50_303 AWT-EventQueue-0[I] Создаем окно приглашения. at ru.apertum.qsystem.client.forms.FWelcome.init(FWelcome.java:844)
11.05.22 20:45.50_961 AWT-EventQueue-0[I] Показываем набор кнопок уровня: Дерево услуг ID=1 at ru.apertum.qsystem.client.forms.FWelcome.showButtons(FWelcome.java:1065)
11.05.22 20:45.51_113 Thread-2[I] Server for managment of registration point started. at ru.apertum.qsystem.client.forms.FWelcome$CommandServer.run(FWelcome.java:269)
11.05.22 20:46.01_277 AWT-EventQueue-0[I] Pressed button "Выдача Карт (Окно 1,2,3,4) " ID=1652115222583 at ru.apertum.qsystem.client.model.QButton$WelcomeButtonEvent.actionPerformed(QButton.java:430)
11.05.22 20:46.01_279 AWT-EventQueue-0[I] Узнать сколько народу стоит к услуге. at ru.apertum.qsystem.common.NetCommander.aboutService(NetCommander.java:414)
11.05.22 20:46.01_347 AWT-EventQueue-0[I] Пункт регистрации заблокирован. Состояние "Заблокирован" at ru.apertum.qsystem.client.forms.FWelcome.lockWelcome(FWelcome.java:2008)
11.05.22 20:46.06_352 AWT-EventQueue-0[I] Пункт регистрации готов к работе. Состояние "Готов к работе" at ru.apertum.qsystem.client.forms.FWelcome.unlockWelcome(FWelcome.java:2017)
11.05.22 20:46.06_352 AWT-EventQueue-0[I] Показываем набор кнопок уровня: Дерево услуг ID=1 at ru.apertum.qsystem.client.forms.FWelcome.showButtons(FWelcome.java:1065)
11.05.22 20:46.22_196 AWT-EventQueue-0[I] Pressed button "Выдача Карт (Окно 1,2,3,4) " ID=1652115222583 at ru.apertum.qsystem.client.model.QButton$WelcomeButtonEvent.actionPerformed(QButton.java:430)
11.05.22 20:46.22_197 AWT-EventQueue-0[I] Узнать сколько народу стоит к услуге. at ru.apertum.qsystem.common.NetCommander.aboutService(NetCommander.java:414)
11.05.22 20:46.22_314 AWT-EventQueue-0[I] Пункт регистрации заблокирован. Состояние "Заблокирован" at ru.apertum.qsystem.client.forms.FWelcome.lockWelcome(FWelcome.java:2008)
11.05.22 20:46.27_317 AWT-EventQueue-0[I] Пункт регистрации готов к работе. Состояние "Готов к работе" at ru.apertum.qsystem.client.forms.FWelcome.unlockWelcome(FWelcome.java:2017)
11.05.22 20:46.27_318 AWT-EventQueue-0[I] Показываем набор кнопок уровня: Дерево услуг ID=1 at ru.apertum.qsystem.client.forms.FWelcome.showButtons(FWelcome.java:1065)
11.05.22 20:49.36_423 AWT-EventQueue-0[I] Pressed button "Выдача Карт (Окно 1,2,3,4) " ID=1652115222583 at ru.apertum.qsystem.client.model.QButton$WelcomeButtonEvent.actionPerformed(QButton.java:430)
11.05.22 20:49.36_425 AWT-EventQueue-0[I] Узнать сколько народу стоит к услуге. at ru.apertum.qsystem.common.NetCommander.aboutService(NetCommander.java:414)
11.05.22 20:49.36_458 AWT-EventQueue-0[I] Встать в очередь. at ru.apertum.qsystem.common.NetCommander.standInService(NetCommander.java:350)
11.05.22 20:49.41_605 AWT-EventQueue-0[I] Показываем набор кнопок уровня: Дерево услуг ID=1 at ru.apertum.qsystem.client.forms.FWelcome.showButtons(FWelcome.java:1065)
11.05.22 21:00.17_602 main[I] Properties are ready. at ru.apertum.qsystem.common.QConfig.prepareCLI(QConfig.java:333)
11.05.22 21:00.17_611 main[I] Languages are loading... at ru.apertum.qsystem.client.Locales.<init>(Locales.java:158)
11.05.22 21:00.17_715 main[I] "QSystem 21.1"!  date: 02.06.2021 at ru.apertum.qsystem.About.load(About.java:80)
11.05.22 21:00.17_716 main[I] Mode: KEY_DEBUG at ru.apertum.qsystem.About.load(About.java:84)
11.05.22 21:00.17_717 main[I] Plugins: YES at ru.apertum.qsystem.About.load(About.java:85)
11.05.22 21:00.17_911 main[I] Loading plugins from folder: ./plugins/ at ru.apertum.qsystem.common.Uses.loadPlugins(Uses.java:667)
11.05.22 21:00.17_913 main[I] Plugin Microsound.jar was loaded successfully. at ru.apertum.qsystem.common.Uses.loadPlugins(Uses.java:673)
11.05.22 21:00.17_921 main[I] Получить параметры. at ru.apertum.qsystem.common.NetCommander.getProperties(NetCommander.java:1213)
11.05.22 21:00.18_128 main[I] Получение возможных услуг. at ru.apertum.qsystem.common.NetCommander.getServices(NetCommander.java:328)
11.05.22 21:00.18_243 AWT-EventQueue-0[I] Создаем окно приглашения. at ru.apertum.qsystem.client.forms.FWelcome.init(FWelcome.java:844)
11.05.22 21:00.18_876 AWT-EventQueue-0[I] Показываем набор кнопок уровня: Дерево услуг ID=1 at ru.apertum.qsystem.client.forms.FWelcome.showButtons(FWelcome.java:1065)
11.05.22 21:00.19_074 Thread-2[I] Server for managment of registration point started. at ru.apertum.qsystem.client.forms.FWelcome$CommandServer.run(FWelcome.java:269)
11.05.22 21:00.19_152 AWT-EventQueue-0[E] Не найден файл "http://127.0.0.1:8081/d2.png" для HTML. at ru.apertum.qsystem.common.Uses.prepareAbsolutPathForImg(Uses.java:882)
11.05.22 21:00.28_845 AWT-EventQueue-0[I] Pressed button "Выдача Карт (Окно 1,2,3,4) " ID=1652115222583 at ru.apertum.qsystem.client.model.QButton$WelcomeButtonEvent.actionPerformed(QButton.java:430)
11.05.22 21:00.28_849 AWT-EventQueue-0[I] Узнать сколько народу стоит к услуге. at ru.apertum.qsystem.common.NetCommander.aboutService(NetCommander.java:414)
11.05.22 21:00.28_983 AWT-EventQueue-0[I] Встать в очередь. at ru.apertum.qsystem.common.NetCommander.standInService(NetCommander.java:350)
11.05.22 21:00.34_073 AWT-EventQueue-0[I] Показываем набор кнопок уровня: Дерево услуг ID=1 at ru.apertum.qsystem.client.forms.FWelcome.showButtons(FWelcome.java:1065)
11.05.22 21:00.51_369 main[I] Properties are ready. at ru.apertum.qsystem.common.QConfig.prepareCLI(QConfig.java:333)
11.05.22 21:00.51_382 main[I] Languages are loading... at ru.apertum.qsystem.client.Locales.<init>(Locales.java:158)
11.05.22 21:00.51_496 main[I] "QSystem 21.1"!  date: 02.06.2021 at ru.apertum.qsystem.About.load(About.java:80)
11.05.22 21:00.51_497 main[I] Mode: KEY_DEBUG at ru.apertum.qsystem.About.load(About.java:84)
11.05.22 21:00.51_499 main[I] Plugins: YES at ru.apertum.qsystem.About.load(About.java:85)
11.05.22 21:00.51_705 main[I] Loading plugins from folder: ./plugins/ at ru.apertum.qsystem.common.Uses.loadPlugins(Uses.java:667)
11.05.22 21:00.51_708 main[I] Plugin Microsound.jar was loaded successfully. at ru.apertum.qsystem.common.Uses.loadPlugins(Uses.java:673)
11.05.22 21:00.51_715 main[I] Получить параметры. at ru.apertum.qsystem.common.NetCommander.getProperties(NetCommander.java:1213)
11.05.22 21:00.51_920 main[I] Получение возможных услуг. at ru.apertum.qsystem.common.NetCommander.getServices(NetCommander.java:328)
11.05.22 21:00.52_125 AWT-EventQueue-0[I] Создаем окно приглашения. at ru.apertum.qsystem.client.forms.FWelcome.init(FWelcome.java:844)
11.05.22 21:00.52_797 AWT-EventQueue-0[I] Показываем набор кнопок уровня: Дерево услуг ID=1 at ru.apertum.qsystem.client.forms.FWelcome.showButtons(FWelcome.java:1065)
11.05.22 21:00.52_936 Thread-2[I] Server for managment of registration point started. at ru.apertum.qsystem.client.forms.FWelcome$CommandServer.run(FWelcome.java:269)
11.05.22 21:00.53_052 AWT-EventQueue-0[E] Не найден файл "http://127.0.0.1:8081/d2.png" для HTML. at ru.apertum.qsystem.common.Uses.prepareAbsolutPathForImg(Uses.java:882)
11.05.22 21:00.57_356 AWT-EventQueue-0[I] Pressed button "Касса (5,6)" ID=1652115230009 at ru.apertum.qsystem.client.model.QButton$WelcomeButtonEvent.actionPerformed(QButton.java:430)
11.05.22 21:00.57_359 AWT-EventQueue-0[I] Узнать сколько народу стоит к услуге. at ru.apertum.qsystem.common.NetCommander.aboutService(NetCommander.java:414)
11.05.22 21:00.57_402 AWT-EventQueue-0[I] Встать в очередь. at ru.apertum.qsystem.common.NetCommander.standInService(NetCommander.java:350)
11.05.22 21:01.02_557 AWT-EventQueue-0[I] Показываем набор кнопок уровня: Дерево услуг ID=1 at ru.apertum.qsystem.client.forms.FWelcome.showButtons(FWelcome.java:1065)
11.05.22 21:03.50_799 main[I] Properties are ready. at ru.apertum.qsystem.common.QConfig.prepareCLI(QConfig.java:333)
11.05.22 21:03.50_817 main[I] Languages are loading... at ru.apertum.qsystem.client.Locales.<init>(Locales.java:158)
11.05.22 21:03.50_961 main[I] "QSystem 21.1"!  date: 02.06.2021 at ru.apertum.qsystem.About.load(About.java:80)
11.05.22 21:03.50_961 main[I] Mode: KEY_DEBUG at ru.apertum.qsystem.About.load(About.java:84)
11.05.22 21:03.50_963 main[I] Plugins: YES at ru.apertum.qsystem.About.load(About.java:85)
11.05.22 21:03.51_194 main[I] Loading plugins from folder: ./plugins/ at ru.apertum.qsystem.common.Uses.loadPlugins(Uses.java:667)
11.05.22 21:03.51_196 main[I] Plugin Microsound.jar was loaded successfully. at ru.apertum.qsystem.common.Uses.loadPlugins(Uses.java:673)
11.05.22 21:03.51_210 main[I] Получить параметры. at ru.apertum.qsystem.common.NetCommander.getProperties(NetCommander.java:1213)
11.05.22 21:03.51_434 main[I] Получение возможных услуг. at ru.apertum.qsystem.common.NetCommander.getServices(NetCommander.java:328)
11.05.22 21:03.51_634 AWT-EventQueue-0[I] Создаем окно приглашения. at ru.apertum.qsystem.client.forms.FWelcome.init(FWelcome.java:844)
11.05.22 21:03.52_440 AWT-EventQueue-0[I] Показываем набор кнопок уровня: Дерево услуг ID=1 at ru.apertum.qsystem.client.forms.FWelcome.showButtons(FWelcome.java:1065)
11.05.22 21:03.52_584 Thread-2[I] Server for managment of registration point started. at ru.apertum.qsystem.client.forms.FWelcome$CommandServer.run(FWelcome.java:269)
11.05.22 21:03.56_377 AWT-EventQueue-0[I] Pressed button "Выдача Карт (Окно 1,2,3,4) " ID=1652115222583 at ru.apertum.qsystem.client.model.QButton$WelcomeButtonEvent.actionPerformed(QButton.java:430)
11.05.22 21:03.56_380 AWT-EventQueue-0[I] Узнать сколько народу стоит к услуге. at ru.apertum.qsystem.common.NetCommander.aboutService(NetCommander.java:414)
11.05.22 21:03.56_520 AWT-EventQueue-0[I] Встать в очередь. at ru.apertum.qsystem.common.NetCommander.standInService(NetCommander.java:350)
11.05.22 21:08.12_360 main[I] Properties are ready. at ru.apertum.qsystem.common.QConfig.prepareCLI(QConfig.java:333)
11.05.22 21:08.12_373 main[I] Languages are loading... at ru.apertum.qsystem.client.Locales.<init>(Locales.java:158)
11.05.22 21:08.12_524 main[I] "QSystem 21.1"!  date: 02.06.2021 at ru.apertum.qsystem.About.load(About.java:80)
11.05.22 21:08.12_525 main[I] Mode: KEY_DEBUG at ru.apertum.qsystem.About.load(About.java:84)
11.05.22 21:08.12_526 main[I] Plugins: YES at ru.apertum.qsystem.About.load(About.java:85)
11.05.22 21:08.12_738 main[I] Loading plugins from folder: ./plugins/ at ru.apertum.qsystem.common.Uses.loadPlugins(Uses.java:667)
11.05.22 21:08.12_740 main[I] Plugin Microsound.jar was loaded successfully. at ru.apertum.qsystem.common.Uses.loadPlugins(Uses.java:673)
11.05.22 21:08.12_753 main[I] Получить параметры. at ru.apertum.qsystem.common.NetCommander.getProperties(NetCommander.java:1213)
11.05.22 21:08.12_944 main[I] Получение возможных услуг. at ru.apertum.qsystem.common.NetCommander.getServices(NetCommander.java:328)
11.05.22 21:08.13_113 AWT-EventQueue-0[I] Создаем окно приглашения. at ru.apertum.qsystem.client.forms.FWelcome.init(FWelcome.java:844)
11.05.22 21:08.13_939 AWT-EventQueue-0[I] Показываем набор кнопок уровня: Дерево услуг ID=1 at ru.apertum.qsystem.client.forms.FWelcome.showButtons(FWelcome.java:1065)
11.05.22 21:08.14_229 Thread-2[I] Server for managment of registration point started. at ru.apertum.qsystem.client.forms.FWelcome$CommandServer.run(FWelcome.java:269)
11.05.22 21:08.14_358 AWT-EventQueue-0[E] Не найден файл "http://127.0.0.1:8081/d2.png" для HTML. at ru.apertum.qsystem.common.Uses.prepareAbsolutPathForImg(Uses.java:882)
11.05.22 21:08.17_198 AWT-EventQueue-0[I] Pressed button "Выдача Карт (Окно 1,2,3,4) " ID=1652115222583 at ru.apertum.qsystem.client.model.QButton$WelcomeButtonEvent.actionPerformed(QButton.java:430)
11.05.22 21:08.17_201 AWT-EventQueue-0[I] Узнать сколько народу стоит к услуге. at ru.apertum.qsystem.common.NetCommander.aboutService(NetCommander.java:414)
11.05.22 21:08.17_431 AWT-EventQueue-0[I] Встать в очередь. at ru.apertum.qsystem.common.NetCommander.standInService(NetCommander.java:350)
11.05.22 21:08.22_512 AWT-EventQueue-0[I] Показываем набор кнопок уровня: Дерево услуг ID=1 at ru.apertum.qsystem.client.forms.FWelcome.showButtons(FWelcome.java:1065)
11.05.22 21:26.04_856 main[I] Properties are ready. at ru.apertum.qsystem.common.QConfig.prepareCLI(QConfig.java:333)
11.05.22 21:26.04_865 main[I] Languages are loading... at ru.apertum.qsystem.client.Locales.<init>(Locales.java:158)
11.05.22 21:26.04_980 main[I] "QSystem 21.1"!  date: 02.06.2021 at ru.apertum.qsystem.About.load(About.java:80)
11.05.22 21:26.04_981 main[I] Mode: KEY_DEBUG at ru.apertum.qsystem.About.load(About.java:84)
11.05.22 21:26.04_982 main[I] Plugins: YES at ru.apertum.qsystem.About.load(About.java:85)
11.05.22 21:26.05_167 main[I] Loading plugins from folder: ./plugins/ at ru.apertum.qsystem.common.Uses.loadPlugins(Uses.java:667)
11.05.22 21:26.05_168 main[I] Plugin Microsound.jar was loaded successfully. at ru.apertum.qsystem.common.Uses.loadPlugins(Uses.java:673)
11.05.22 21:26.05_176 main[I] Получить параметры. at ru.apertum.qsystem.common.NetCommander.getProperties(NetCommander.java:1213)
11.05.22 21:26.05_410 main[I] Получение возможных услуг. at ru.apertum.qsystem.common.NetCommander.getServices(NetCommander.java:328)
11.05.22 21:26.05_614 AWT-EventQueue-0[I] Создаем окно приглашения. at ru.apertum.qsystem.client.forms.FWelcome.init(FWelcome.java:844)
11.05.22 21:26.06_238 AWT-EventQueue-0[I] Показываем набор кнопок уровня: Дерево услуг ID=1 at ru.apertum.qsystem.client.forms.FWelcome.showButtons(FWelcome.java:1065)
11.05.22 21:26.06_455 Thread-2[I] Server for managment of registration point started. at ru.apertum.qsystem.client.forms.FWelcome$CommandServer.run(FWelcome.java:269)
11.05.22 21:26.06_526 AWT-EventQueue-0[E] Не найден файл "http://127.0.0.1:8081/d2.png" для HTML. at ru.apertum.qsystem.common.Uses.prepareAbsolutPathForImg(Uses.java:882)
11.05.22 21:33.06_578 main[I] Properties are ready. at ru.apertum.qsystem.common.QConfig.prepareCLI(QConfig.java:333)
11.05.22 21:33.06_587 main[I] Languages are loading... at ru.apertum.qsystem.client.Locales.<init>(Locales.java:158)
11.05.22 21:33.06_699 main[I] "QSystem 21.1"!  date: 02.06.2021 at ru.apertum.qsystem.About.load(About.java:80)
11.05.22 21:33.06_700 main[I] Mode: KEY_DEBUG at ru.apertum.qsystem.About.load(About.java:84)
11.05.22 21:33.06_701 main[I] Plugins: YES at ru.apertum.qsystem.About.load(About.java:85)
11.05.22 21:33.06_892 main[I] Loading plugins from folder: ./plugins/ at ru.apertum.qsystem.common.Uses.loadPlugins(Uses.java:667)
11.05.22 21:33.06_894 main[I] Plugin Microsound.jar was loaded successfully. at ru.apertum.qsystem.common.Uses.loadPlugins(Uses.java:673)
11.05.22 21:33.06_903 main[I] Получить параметры. at ru.apertum.qsystem.common.NetCommander.getProperties(NetCommander.java:1213)
11.05.22 21:33.07_136 main[I] Получение возможных услуг. at ru.apertum.qsystem.common.NetCommander.getServices(NetCommander.java:328)
11.05.22 21:33.07_371 AWT-EventQueue-0[I] Создаем окно приглашения. at ru.apertum.qsystem.client.forms.FWelcome.init(FWelcome.java:844)
11.05.22 21:33.08_056 AWT-EventQueue-0[I] Показываем набор кнопок уровня: Дерево услуг ID=1 at ru.apertum.qsystem.client.forms.FWelcome.showButtons(FWelcome.java:1065)
11.05.22 21:33.08_271 Thread-2[I] Server for managment of registration point started. at ru.apertum.qsystem.client.forms.FWelcome$CommandServer.run(FWelcome.java:269)
11.05.22 21:33.08_351 AWT-EventQueue-0[E] Не найден файл "http://127.0.0.1:8081/d2.png" для HTML. at ru.apertum.qsystem.common.Uses.prepareAbsolutPathForImg(Uses.java:882)
11.05.22 22:11.18_902 main[I] Properties are ready. at ru.apertum.qsystem.common.QConfig.prepareCLI(QConfig.java:333)
11.05.22 22:11.18_913 main[I] Languages are loading... at ru.apertum.qsystem.client.Locales.<init>(Locales.java:158)
11.05.22 22:11.19_017 main[I] "QSystem 21.1"!  date: 02.06.2021 at ru.apertum.qsystem.About.load(About.java:80)
11.05.22 22:11.19_017 main[I] Mode: FULL at ru.apertum.qsystem.About.load(About.java:84)
11.05.22 22:11.19_018 main[I] Plugins: YES at ru.apertum.qsystem.About.load(About.java:85)
11.05.22 22:11.19_215 main[I] Loading plugins from folder: ./plugins/ at ru.apertum.qsystem.common.Uses.loadPlugins(Uses.java:667)
11.05.22 22:11.19_217 main[I] Plugin ClientboardRS485Plugin.jar was loaded successfully. at ru.apertum.qsystem.common.Uses.loadPlugins(Uses.java:673)
11.05.22 22:11.19_218 main[I] Plugin Microsound.jar was loaded successfully. at ru.apertum.qsystem.common.Uses.loadPlugins(Uses.java:673)
11.05.22 22:11.19_220 main[I] Plugin qsound-Angelina1.jar was loaded successfully. at ru.apertum.qsystem.common.Uses.loadPlugins(Uses.java:673)
11.05.22 22:11.19_228 main[I] Получить параметры. at ru.apertum.qsystem.common.NetCommander.getProperties(NetCommander.java:1213)
11.05.22 22:11.19_402 main[I] Получение возможных услуг. at ru.apertum.qsystem.common.NetCommander.getServices(NetCommander.java:328)
11.05.22 22:11.19_550 AWT-EventQueue-0[I] Создаем окно приглашения. at ru.apertum.qsystem.client.forms.FWelcome.init(FWelcome.java:844)
11.05.22 22:11.20_222 AWT-EventQueue-0[I] Показываем набор кнопок уровня: KICB ID=1 at ru.apertum.qsystem.client.forms.FWelcome.showButtons(FWelcome.java:1065)
11.05.22 22:11.20_367 Thread-2[I] Server for managment of registration point started. at ru.apertum.qsystem.client.forms.FWelcome$CommandServer.run(FWelcome.java:269)
11.05.22 22:11.20_458 AWT-EventQueue-0[E] Не найден файл "http://127.0.0.1:8081/d2.png" для HTML. at ru.apertum.qsystem.common.Uses.prepareAbsolutPathForImg(Uses.java:882)
11.05.22 22:28.31_191 main[I] Properties are ready. at ru.apertum.qsystem.common.QConfig.prepareCLI(QConfig.java:333)
11.05.22 22:28.31_201 main[I] Languages are loading... at ru.apertum.qsystem.client.Locales.<init>(Locales.java:158)
11.05.22 22:28.31_307 main[I] "QSystem 21.1"!  date: 02.06.2021 at ru.apertum.qsystem.About.load(About.java:80)
11.05.22 22:28.31_308 main[I] Mode: FULL at ru.apertum.qsystem.About.load(About.java:84)
11.05.22 22:28.31_309 main[I] Plugins: YES at ru.apertum.qsystem.About.load(About.java:85)
11.05.22 22:28.31_504 main[I] Loading plugins from folder: ./plugins/ at ru.apertum.qsystem.common.Uses.loadPlugins(Uses.java:667)
11.05.22 22:28.31_506 main[I] Plugin ClientboardRS485Plugin.jar was loaded successfully. at ru.apertum.qsystem.common.Uses.loadPlugins(Uses.java:673)
11.05.22 22:28.31_507 main[I] Plugin Microsound.jar was loaded successfully. at ru.apertum.qsystem.common.Uses.loadPlugins(Uses.java:673)
11.05.22 22:28.31_509 main[I] Plugin qsound-Angelina1.jar was loaded successfully. at ru.apertum.qsystem.common.Uses.loadPlugins(Uses.java:673)
11.05.22 22:28.31_518 main[I] Получить параметры. at ru.apertum.qsystem.common.NetCommander.getProperties(NetCommander.java:1213)
11.05.22 22:28.31_729 main[I] Получение возможных услуг. at ru.apertum.qsystem.common.NetCommander.getServices(NetCommander.java:328)
11.05.22 22:28.31_980 AWT-EventQueue-0[I] Создаем окно приглашения. at ru.apertum.qsystem.client.forms.FWelcome.init(FWelcome.java:844)
11.05.22 22:28.32_638 AWT-EventQueue-0[I] Показываем набор кнопок уровня: KICB ID=1 at ru.apertum.qsystem.client.forms.FWelcome.showButtons(FWelcome.java:1065)
11.05.22 22:28.32_853 Thread-2[I] Server for managment of registration point started. at ru.apertum.qsystem.client.forms.FWelcome$CommandServer.run(FWelcome.java:269)
11.05.22 22:28.32_915 AWT-EventQueue-0[E] Не найден файл "http://127.0.0.1:8081/d2.png" для HTML. at ru.apertum.qsystem.common.Uses.prepareAbsolutPathForImg(Uses.java:882)
11.05.22 23:00.37_865 AWT-EventQueue-0[I] Получить параметры. at ru.apertum.qsystem.common.NetCommander.getProperties(NetCommander.java:1213)
11.05.22 23:00.37_881 AWT-EventQueue-0[I] Пункт регистрации заблокирован. Состояние "Заблокирован" at ru.apertum.qsystem.client.forms.FWelcome.lockWelcome(FWelcome.java:2008)
12.05.22 08:00.33_607 AWT-EventQueue-0[I] Получить параметры. at ru.apertum.qsystem.common.NetCommander.getProperties(NetCommander.java:1213)
12.05.22 08:00.33_636 AWT-EventQueue-0[I] Пункт регистрации готов к работе. Состояние "Готов к работе" at ru.apertum.qsystem.client.forms.FWelcome.unlockWelcome(FWelcome.java:2017)
12.05.22 08:54.26_676 main[I] Properties are ready. at ru.apertum.qsystem.common.QConfig.prepareCLI(QConfig.java:333)
12.05.22 08:54.26_686 main[I] Languages are loading... at ru.apertum.qsystem.client.Locales.<init>(Locales.java:158)
12.05.22 08:54.26_800 main[I] "QSystem 21.1"!  date: 02.06.2021 at ru.apertum.qsystem.About.load(About.java:80)
12.05.22 08:54.26_800 main[I] Mode: KEY_DEBUG at ru.apertum.qsystem.About.load(About.java:84)
12.05.22 08:54.26_801 main[I] Plugins: YES at ru.apertum.qsystem.About.load(About.java:85)
12.05.22 08:54.26_992 main[I] Loading plugins from folder: ./plugins/ at ru.apertum.qsystem.common.Uses.loadPlugins(Uses.java:667)
12.05.22 08:54.26_994 main[I] Plugin ClientboardRS485Plugin.jar was loaded successfully. at ru.apertum.qsystem.common.Uses.loadPlugins(Uses.java:673)
12.05.22 08:54.26_994 main[I] Plugin Microsound.jar was loaded successfully. at ru.apertum.qsystem.common.Uses.loadPlugins(Uses.java:673)
12.05.22 08:54.26_997 main[I] Plugin qsound-Angelina1.jar was loaded successfully. at ru.apertum.qsystem.common.Uses.loadPlugins(Uses.java:673)
12.05.22 08:54.27_003 main[I] Получить параметры. at ru.apertum.qsystem.common.NetCommander.getProperties(NetCommander.java:1213)
12.05.22 08:54.27_224 main[I] Получение возможных услуг. at ru.apertum.qsystem.common.NetCommander.getServices(NetCommander.java:328)
12.05.22 08:54.27_471 AWT-EventQueue-0[I] Создаем окно приглашения. at ru.apertum.qsystem.client.forms.FWelcome.init(FWelcome.java:844)
12.05.22 08:54.28_157 AWT-EventQueue-0[I] Показываем набор кнопок уровня: KICB ID=1 at ru.apertum.qsystem.client.forms.FWelcome.showButtons(FWelcome.java:1065)
12.05.22 08:54.28_284 Thread-2[I] Server for managment of registration point started. at ru.apertum.qsystem.client.forms.FWelcome$CommandServer.run(FWelcome.java:269)
12.05.22 08:54.28_396 AWT-EventQueue-0[E] Не найден файл "http://127.0.0.1:8081/d2.png" для HTML. at ru.apertum.qsystem.common.Uses.prepareAbsolutPathForImg(Uses.java:882)
12.05.22 08:54.30_358 AWT-EventQueue-0[I] Pressed button "Касса (5,6)" ID=1652115230009 at ru.apertum.qsystem.client.model.QButton$WelcomeButtonEvent.actionPerformed(QButton.java:430)
12.05.22 08:54.30_363 AWT-EventQueue-0[I] Узнать сколько народу стоит к услуге. at ru.apertum.qsystem.common.NetCommander.aboutService(NetCommander.java:414)
12.05.22 08:54.30_486 AWT-EventQueue-0[I] Встать в очередь. at ru.apertum.qsystem.common.NetCommander.standInService(NetCommander.java:350)
12.05.22 08:54.35_583 AWT-EventQueue-0[I] Показываем набор кнопок уровня: KICB ID=1 at ru.apertum.qsystem.client.forms.FWelcome.showButtons(FWelcome.java:1065)
12.05.22 08:55.52_381 AWT-EventQueue-0[I] Pressed button "Выдача Карт (Окно 1,2,3,4) " ID=1652115222583 at ru.apertum.qsystem.client.model.QButton$WelcomeButtonEvent.actionPerformed(QButton.java:430)
12.05.22 08:55.52_382 AWT-EventQueue-0[I] Узнать сколько народу стоит к услуге. at ru.apertum.qsystem.common.NetCommander.aboutService(NetCommander.java:414)
12.05.22 08:55.52_398 AWT-EventQueue-0[I] Встать в очередь. at ru.apertum.qsystem.common.NetCommander.standInService(NetCommander.java:350)
12.05.22 08:55.57_546 AWT-EventQueue-0[I] Показываем набор кнопок уровня: KICB ID=1 at ru.apertum.qsystem.client.forms.FWelcome.showButtons(FWelcome.java:1065)
12.05.22 08:56.05_172 AWT-EventQueue-0[I] Pressed button "Выдача Карт (Окно 1,2,3,4) " ID=1652115222583 at ru.apertum.qsystem.client.model.QButton$WelcomeButtonEvent.actionPerformed(QButton.java:430)
12.05.22 08:56.05_173 AWT-EventQueue-0[I] Узнать сколько народу стоит к услуге. at ru.apertum.qsystem.common.NetCommander.aboutService(NetCommander.java:414)
12.05.22 08:56.05_191 AWT-EventQueue-0[I] Встать в очередь. at ru.apertum.qsystem.common.NetCommander.standInService(NetCommander.java:350)
12.05.22 08:56.10_330 AWT-EventQueue-0[I] Показываем набор кнопок уровня: KICB ID=1 at ru.apertum.qsystem.client.forms.FWelcome.showButtons(FWelcome.java:1065)
12.05.22 09:01.21_771 AWT-EventQueue-0[I] Pressed button "Выдача Карт (Окно 1,2,3,4) " ID=1652115222583 at ru.apertum.qsystem.client.model.QButton$WelcomeButtonEvent.actionPerformed(QButton.java:430)
12.05.22 09:01.21_772 AWT-EventQueue-0[I] Узнать сколько народу стоит к услуге. at ru.apertum.qsystem.common.NetCommander.aboutService(NetCommander.java:414)
12.05.22 09:01.21_788 AWT-EventQueue-0[I] Встать в очередь. at ru.apertum.qsystem.common.NetCommander.standInService(NetCommander.java:350)
12.05.22 09:01.26_918 AWT-EventQueue-0[I] Показываем набор кнопок уровня: KICB ID=1 at ru.apertum.qsystem.client.forms.FWelcome.showButtons(FWelcome.java:1065)
12.05.22 09:04.15_641 AWT-EventQueue-0[I] Pressed button "Выдача Карт (Окно 1,2,3,4) " ID=1652115222583 at ru.apertum.qsystem.client.model.QButton$WelcomeButtonEvent.actionPerformed(QButton.java:430)
12.05.22 09:04.15_642 AWT-EventQueue-0[I] Узнать сколько народу стоит к услуге. at ru.apertum.qsystem.common.NetCommander.aboutService(NetCommander.java:414)
12.05.22 09:04.15_659 AWT-EventQueue-0[I] Встать в очередь. at ru.apertum.qsystem.common.NetCommander.standInService(NetCommander.java:350)
12.05.22 09:04.20_694 AWT-EventQueue-0[I] Показываем набор кнопок уровня: KICB ID=1 at ru.apertum.qsystem.client.forms.FWelcome.showButtons(FWelcome.java:1065)
12.05.22 09:04.59_205 AWT-EventQueue-0[I] Получить параметры. at ru.apertum.qsystem.common.NetCommander.getProperties(NetCommander.java:1213)
12.05.22 09:05.01_657 AWT-EventQueue-0[I] Pressed button "Выдача Карт (Окно 1,2,3,4) " ID=1652115222583 at ru.apertum.qsystem.client.model.QButton$WelcomeButtonEvent.actionPerformed(QButton.java:430)
12.05.22 09:05.01_659 AWT-EventQueue-0[I] Узнать сколько народу стоит к услуге. at ru.apertum.qsystem.common.NetCommander.aboutService(NetCommander.java:414)
12.05.22 09:05.01_674 AWT-EventQueue-0[I] Встать в очередь. at ru.apertum.qsystem.common.NetCommander.standInService(NetCommander.java:350)
12.05.22 09:05.06_720 AWT-EventQueue-0[I] Показываем набор кнопок уровня: KICB ID=1 at ru.apertum.qsystem.client.forms.FWelcome.showButtons(FWelcome.java:1065)
12.05.22 09:06.42_688 AWT-EventQueue-0[I] Pressed button "Для держателей «Visa Infinite»" ID=1652115237630 at ru.apertum.qsystem.client.model.QButton$WelcomeButtonEvent.actionPerformed(QButton.java:430)
12.05.22 09:06.42_689 AWT-EventQueue-0[I] Узнать сколько народу стоит к услуге. at ru.apertum.qsystem.common.NetCommander.aboutService(NetCommander.java:414)
12.05.22 09:06.42_704 AWT-EventQueue-0[I] Встать в очередь. at ru.apertum.qsystem.common.NetCommander.standInService(NetCommander.java:350)
12.05.22 09:06.47_862 AWT-EventQueue-0[I] Показываем набор кнопок уровня: KICB ID=1 at ru.apertum.qsystem.client.forms.FWelcome.showButtons(FWelcome.java:1065)
12.05.22 09:06.52_144 AWT-EventQueue-0[I] Pressed button "Выдача Карт (Окно 1,2,3,4) " ID=1652115222583 at ru.apertum.qsystem.client.model.QButton$WelcomeButtonEvent.actionPerformed(QButton.java:430)
12.05.22 09:06.52_145 AWT-EventQueue-0[I] Узнать сколько народу стоит к услуге. at ru.apertum.qsystem.common.NetCommander.aboutService(NetCommander.java:414)
12.05.22 09:06.52_258 AWT-EventQueue-0[I] Встать в очередь. at ru.apertum.qsystem.common.NetCommander.standInService(NetCommander.java:350)
12.05.22 09:06.57_388 AWT-EventQueue-0[I] Показываем набор кнопок уровня: KICB ID=1 at ru.apertum.qsystem.client.forms.FWelcome.showButtons(FWelcome.java:1065)
12.05.22 09:06.59_096 AWT-EventQueue-0[I] Pressed button "Касса (5,6)" ID=1652115230009 at ru.apertum.qsystem.client.model.QButton$WelcomeButtonEvent.actionPerformed(QButton.java:430)
12.05.22 09:06.59_097 AWT-EventQueue-0[I] Узнать сколько народу стоит к услуге. at ru.apertum.qsystem.common.NetCommander.aboutService(NetCommander.java:414)
12.05.22 09:06.59_211 AWT-EventQueue-0[I] Встать в очередь. at ru.apertum.qsystem.common.NetCommander.standInService(NetCommander.java:350)
12.05.22 09:07.04_361 AWT-EventQueue-0[I] Показываем набор кнопок уровня: KICB ID=1 at ru.apertum.qsystem.client.forms.FWelcome.showButtons(FWelcome.java:1065)
12.05.22 09:08.19_559 AWT-EventQueue-0[I] Pressed button "Выдача Карт (Окно 1,2,3,4) " ID=1652115222583 at ru.apertum.qsystem.client.model.QButton$WelcomeButtonEvent.actionPerformed(QButton.java:430)
12.05.22 09:08.19_560 AWT-EventQueue-0[I] Узнать сколько народу стоит к услуге. at ru.apertum.qsystem.common.NetCommander.aboutService(NetCommander.java:414)
12.05.22 09:08.19_575 AWT-EventQueue-0[I] Встать в очередь. at ru.apertum.qsystem.common.NetCommander.standInService(NetCommander.java:350)
12.05.22 09:08.24_719 AWT-EventQueue-0[I] Показываем набор кнопок уровня: KICB ID=1 at ru.apertum.qsystem.client.forms.FWelcome.showButtons(FWelcome.java:1065)
12.05.22 09:08.26_888 AWT-EventQueue-0[I] Pressed button "Для держателей «Visa Infinite»" ID=1652115237630 at ru.apertum.qsystem.client.model.QButton$WelcomeButtonEvent.actionPerformed(QButton.java:430)
12.05.22 09:08.26_889 AWT-EventQueue-0[I] Узнать сколько народу стоит к услуге. at ru.apertum.qsystem.common.NetCommander.aboutService(NetCommander.java:414)
12.05.22 09:08.27_002 AWT-EventQueue-0[I] Встать в очередь. at ru.apertum.qsystem.common.NetCommander.standInService(NetCommander.java:350)
12.05.22 09:08.32_117 AWT-EventQueue-0[I] Показываем набор кнопок уровня: KICB ID=1 at ru.apertum.qsystem.client.forms.FWelcome.showButtons(FWelcome.java:1065)
12.05.22 09:08.37_375 AWT-EventQueue-0[I] Pressed button "Выдача Карт (Окно 1,2,3,4) " ID=1652115222583 at ru.apertum.qsystem.client.model.QButton$WelcomeButtonEvent.actionPerformed(QButton.java:430)
12.05.22 09:08.37_376 AWT-EventQueue-0[I] Узнать сколько народу стоит к услуге. at ru.apertum.qsystem.common.NetCommander.aboutService(NetCommander.java:414)
12.05.22 09:08.37_491 AWT-EventQueue-0[I] Встать в очередь. at ru.apertum.qsystem.common.NetCommander.standInService(NetCommander.java:350)
12.05.22 09:08.42_603 AWT-EventQueue-0[I] Показываем набор кнопок уровня: KICB ID=1 at ru.apertum.qsystem.client.forms.FWelcome.showButtons(FWelcome.java:1065)
12.05.22 09:08.47_215 AWT-EventQueue-0[I] Pressed button "Для держателей «Visa Infinite»" ID=1652115237630 at ru.apertum.qsystem.client.model.QButton$WelcomeButtonEvent.actionPerformed(QButton.java:430)
12.05.22 09:08.47_216 AWT-EventQueue-0[I] Узнать сколько народу стоит к услуге. at ru.apertum.qsystem.common.NetCommander.aboutService(NetCommander.java:414)
12.05.22 09:08.47_330 AWT-EventQueue-0[I] Встать в очередь. at ru.apertum.qsystem.common.NetCommander.standInService(NetCommander.java:350)
12.05.22 09:08.52_441 AWT-EventQueue-0[I] Показываем набор кнопок уровня: KICB ID=1 at ru.apertum.qsystem.client.forms.FWelcome.showButtons(FWelcome.java:1065)
12.05.22 09:14.02_580 main[I] Properties are ready. at ru.apertum.qsystem.common.QConfig.prepareCLI(QConfig.java:333)
12.05.22 09:14.02_589 main[I] Languages are loading... at ru.apertum.qsystem.client.Locales.<init>(Locales.java:158)
12.05.22 09:14.02_700 main[I] "QSystem 21.1"!  date: 02.06.2021 at ru.apertum.qsystem.About.load(About.java:80)
12.05.22 09:14.02_701 main[I] Mode: KEY_DEBUG at ru.apertum.qsystem.About.load(About.java:84)
12.05.22 09:14.02_702 main[I] Plugins: YES at ru.apertum.qsystem.About.load(About.java:85)
12.05.22 09:14.02_891 main[I] Loading plugins from folder: ./plugins/ at ru.apertum.qsystem.common.Uses.loadPlugins(Uses.java:667)
12.05.22 09:14.02_893 main[I] Plugin ClientboardRS485Plugin.jar was loaded successfully. at ru.apertum.qsystem.common.Uses.loadPlugins(Uses.java:673)
12.05.22 09:14.02_894 main[I] Plugin Microsound.jar was loaded successfully. at ru.apertum.qsystem.common.Uses.loadPlugins(Uses.java:673)
12.05.22 09:14.02_896 main[I] Plugin qsound-Angelina1.jar was loaded successfully. at ru.apertum.qsystem.common.Uses.loadPlugins(Uses.java:673)
12.05.22 09:14.02_904 main[I] Получить параметры. at ru.apertum.qsystem.common.NetCommander.getProperties(NetCommander.java:1213)
12.05.22 09:14.03_120 main[I] Получение возможных услуг. at ru.apertum.qsystem.common.NetCommander.getServices(NetCommander.java:328)
12.05.22 09:14.03_323 AWT-EventQueue-0[I] Создаем окно приглашения. at ru.apertum.qsystem.client.forms.FWelcome.init(FWelcome.java:844)
12.05.22 09:14.03_946 AWT-EventQueue-0[I] Показываем набор кнопок уровня: KICB ID=1 at ru.apertum.qsystem.client.forms.FWelcome.showButtons(FWelcome.java:1065)
12.05.22 09:14.04_106 Thread-2[I] Server for managment of registration point started. at ru.apertum.qsystem.client.forms.FWelcome$CommandServer.run(FWelcome.java:269)
12.05.22 09:14.04_228 AWT-EventQueue-0[E] Не найден файл "http://127.0.0.1:8081/d2.png" для HTML. at ru.apertum.qsystem.common.Uses.prepareAbsolutPathForImg(Uses.java:882)
12.05.22 09:14.26_614 AWT-EventQueue-0[I] Pressed button "Выдача Карт (Окно 1,2,3,4) " ID=1652115222583 at ru.apertum.qsystem.client.model.QButton$WelcomeButtonEvent.actionPerformed(QButton.java:430)
12.05.22 09:14.26_619 AWT-EventQueue-0[I] Узнать сколько народу стоит к услуге. at ru.apertum.qsystem.common.NetCommander.aboutService(NetCommander.java:414)
12.05.22 09:14.26_664 AWT-EventQueue-0[I] Встать в очередь. at ru.apertum.qsystem.common.NetCommander.standInService(NetCommander.java:350)
12.05.22 09:14.31_780 AWT-EventQueue-0[I] Показываем набор кнопок уровня: KICB ID=1 at ru.apertum.qsystem.client.forms.FWelcome.showButtons(FWelcome.java:1065)
12.05.22 09:15.44_406 main[I] Properties are ready. at ru.apertum.qsystem.common.QConfig.prepareCLI(QConfig.java:333)
12.05.22 09:15.44_416 main[I] Languages are loading... at ru.apertum.qsystem.client.Locales.<init>(Locales.java:158)
12.05.22 09:15.44_520 main[I] "QSystem 21.1"!  date: 02.06.2021 at ru.apertum.qsystem.About.load(About.java:80)
12.05.22 09:15.44_521 main[I] Mode: KEY_DEBUG at ru.apertum.qsystem.About.load(About.java:84)
12.05.22 09:15.44_522 main[I] Plugins: YES at ru.apertum.qsystem.About.load(About.java:85)
12.05.22 09:15.44_714 main[I] Loading plugins from folder: ./plugins/ at ru.apertum.qsystem.common.Uses.loadPlugins(Uses.java:667)
12.05.22 09:15.44_716 main[I] Plugin ClientboardRS485Plugin.jar was loaded successfully. at ru.apertum.qsystem.common.Uses.loadPlugins(Uses.java:673)
12.05.22 09:15.44_717 main[I] Plugin Microsound.jar was loaded successfully. at ru.apertum.qsystem.common.Uses.loadPlugins(Uses.java:673)
12.05.22 09:15.44_719 main[I] Plugin qsound-Angelina1.jar was loaded successfully. at ru.apertum.qsystem.common.Uses.loadPlugins(Uses.java:673)
12.05.22 09:15.44_725 main[I] Получить параметры. at ru.apertum.qsystem.common.NetCommander.getProperties(NetCommander.java:1213)
12.05.22 09:15.44_939 main[I] Получение возможных услуг. at ru.apertum.qsystem.common.NetCommander.getServices(NetCommander.java:328)
12.05.22 09:15.45_220 AWT-EventQueue-0[I] Создаем окно приглашения. at ru.apertum.qsystem.client.forms.FWelcome.init(FWelcome.java:844)
12.05.22 09:15.45_926 AWT-EventQueue-0[I] Показываем набор кнопок уровня: KICB ID=1 at ru.apertum.qsystem.client.forms.FWelcome.showButtons(FWelcome.java:1065)
12.05.22 09:15.46_068 Thread-2[I] Server for managment of registration point started. at ru.apertum.qsystem.client.forms.FWelcome$CommandServer.run(FWelcome.java:269)
12.05.22 09:15.46_161 AWT-EventQueue-0[E] Не найден файл "http://127.0.0.1:8081/d2.png" для HTML. at ru.apertum.qsystem.common.Uses.prepareAbsolutPathForImg(Uses.java:882)
12.05.22 09:15.58_877 AWT-EventQueue-0[I] Pressed button "Для держателей «Visa Infinite»" ID=1652115237630 at ru.apertum.qsystem.client.model.QButton$WelcomeButtonEvent.actionPerformed(QButton.java:430)
12.05.22 09:15.58_879 AWT-EventQueue-0[I] Узнать сколько народу стоит к услуге. at ru.apertum.qsystem.common.NetCommander.aboutService(NetCommander.java:414)
12.05.22 09:15.59_017 AWT-EventQueue-0[I] Встать в очередь. at ru.apertum.qsystem.common.NetCommander.standInService(NetCommander.java:350)
12.05.22 09:16.04_135 AWT-EventQueue-0[I] Показываем набор кнопок уровня: KICB ID=1 at ru.apertum.qsystem.client.forms.FWelcome.showButtons(FWelcome.java:1065)
12.05.22 09:19.04_705 main[I] Properties are ready. at ru.apertum.qsystem.common.QConfig.prepareCLI(QConfig.java:333)
12.05.22 09:19.04_715 main[I] Languages are loading... at ru.apertum.qsystem.client.Locales.<init>(Locales.java:158)
12.05.22 09:19.04_824 main[I] "QSystem 21.1"!  date: 02.06.2021 at ru.apertum.qsystem.About.load(About.java:80)
12.05.22 09:19.04_824 main[I] Mode: KEY_DEBUG at ru.apertum.qsystem.About.load(About.java:84)
12.05.22 09:19.04_825 main[I] Plugins: YES at ru.apertum.qsystem.About.load(About.java:85)
12.05.22 09:19.05_020 main[I] Loading plugins from folder: ./plugins/ at ru.apertum.qsystem.common.Uses.loadPlugins(Uses.java:667)
12.05.22 09:19.05_021 main[I] Plugin ClientboardRS485Plugin.jar was loaded successfully. at ru.apertum.qsystem.common.Uses.loadPlugins(Uses.java:673)
12.05.22 09:19.05_023 main[I] Plugin Microsound.jar was loaded successfully. at ru.apertum.qsystem.common.Uses.loadPlugins(Uses.java:673)
12.05.22 09:19.05_025 main[I] Plugin qsound-Angelina1.jar was loaded successfully. at ru.apertum.qsystem.common.Uses.loadPlugins(Uses.java:673)
12.05.22 09:19.05_034 main[I] Получить параметры. at ru.apertum.qsystem.common.NetCommander.getProperties(NetCommander.java:1213)
12.05.22 09:19.05_265 main[I] Получение возможных услуг. at ru.apertum.qsystem.common.NetCommander.getServices(NetCommander.java:328)
12.05.22 09:19.05_491 AWT-EventQueue-0[I] Создаем окно приглашения. at ru.apertum.qsystem.client.forms.FWelcome.init(FWelcome.java:844)
12.05.22 09:19.06_149 AWT-EventQueue-0[I] Показываем набор кнопок уровня: KICB ID=1 at ru.apertum.qsystem.client.forms.FWelcome.showButtons(FWelcome.java:1065)
12.05.22 09:19.06_279 Thread-2[I] Server for managment of registration point started. at ru.apertum.qsystem.client.forms.FWelcome$CommandServer.run(FWelcome.java:269)
12.05.22 09:19.06_388 AWT-EventQueue-0[E] Не найден файл "http://127.0.0.1:8081/d2.png" для HTML. at ru.apertum.qsystem.common.Uses.prepareAbsolutPathForImg(Uses.java:882)
12.05.22 09:19.09_926 AWT-EventQueue-0[I] Pressed button "Выдача Карт (Окно 1,2,3,4) " ID=1652115222583 at ru.apertum.qsystem.client.model.QButton$WelcomeButtonEvent.actionPerformed(QButton.java:430)
12.05.22 09:19.09_929 AWT-EventQueue-0[I] Узнать сколько народу стоит к услуге. at ru.apertum.qsystem.common.NetCommander.aboutService(NetCommander.java:414)
12.05.22 09:19.10_065 AWT-EventQueue-0[I] Встать в очередь. at ru.apertum.qsystem.common.NetCommander.standInService(NetCommander.java:350)
12.05.22 09:19.15_186 AWT-EventQueue-0[I] Показываем набор кнопок уровня: KICB ID=1 at ru.apertum.qsystem.client.forms.FWelcome.showButtons(FWelcome.java:1065)
12.05.22 09:22.02_551 main[I] Properties are ready. at ru.apertum.qsystem.common.QConfig.prepareCLI(QConfig.java:333)
12.05.22 09:22.02_563 main[I] Languages are loading... at ru.apertum.qsystem.client.Locales.<init>(Locales.java:158)
12.05.22 09:22.02_686 main[I] "QSystem 21.1"!  date: 02.06.2021 at ru.apertum.qsystem.About.load(About.java:80)
12.05.22 09:22.02_687 main[I] Mode: KEY_DEBUG at ru.apertum.qsystem.About.load(About.java:84)
12.05.22 09:22.02_688 main[I] Plugins: YES at ru.apertum.qsystem.About.load(About.java:85)
12.05.22 09:22.02_907 main[I] Loading plugins from folder: ./plugins/ at ru.apertum.qsystem.common.Uses.loadPlugins(Uses.java:667)
12.05.22 09:22.02_909 main[I] Plugin ClientboardRS485Plugin.jar was loaded successfully. at ru.apertum.qsystem.common.Uses.loadPlugins(Uses.java:673)
12.05.22 09:22.02_911 main[I] Plugin Microsound.jar was loaded successfully. at ru.apertum.qsystem.common.Uses.loadPlugins(Uses.java:673)
12.05.22 09:22.02_913 main[I] Plugin qsound-Angelina1.jar was loaded successfully. at ru.apertum.qsystem.common.Uses.loadPlugins(Uses.java:673)
12.05.22 09:22.02_920 main[I] Получить параметры. at ru.apertum.qsystem.common.NetCommander.getProperties(NetCommander.java:1213)
12.05.22 09:22.03_152 main[I] Получение возможных услуг. at ru.apertum.qsystem.common.NetCommander.getServices(NetCommander.java:328)
12.05.22 09:22.03_361 AWT-EventQueue-0[I] Создаем окно приглашения. at ru.apertum.qsystem.client.forms.FWelcome.init(FWelcome.java:844)
12.05.22 09:22.04_007 AWT-EventQueue-0[I] Показываем набор кнопок уровня: KICB ID=1 at ru.apertum.qsystem.client.forms.FWelcome.showButtons(FWelcome.java:1065)
12.05.22 09:22.04_142 Thread-2[I] Server for managment of registration point started. at ru.apertum.qsystem.client.forms.FWelcome$CommandServer.run(FWelcome.java:269)
12.05.22 09:22.04_265 AWT-EventQueue-0[E] Не найден файл "http://127.0.0.1:8081/d2.png" для HTML. at ru.apertum.qsystem.common.Uses.prepareAbsolutPathForImg(Uses.java:882)
12.05.22 09:22.10_110 AWT-EventQueue-0[I] Pressed button "Выдача Карт (Окно 1,2,3,4) " ID=1652115222583 at ru.apertum.qsystem.client.model.QButton$WelcomeButtonEvent.actionPerformed(QButton.java:430)
12.05.22 09:22.10_113 AWT-EventQueue-0[I] Узнать сколько народу стоит к услуге. at ru.apertum.qsystem.common.NetCommander.aboutService(NetCommander.java:414)
12.05.22 09:22.10_158 AWT-EventQueue-0[I] Встать в очередь. at ru.apertum.qsystem.common.NetCommander.standInService(NetCommander.java:350)
12.05.22 09:22.15_189 AWT-EventQueue-0[I] Показываем набор кнопок уровня: KICB ID=1 at ru.apertum.qsystem.client.forms.FWelcome.showButtons(FWelcome.java:1065)
12.05.22 09:24.43_626 main[I] Properties are ready. at ru.apertum.qsystem.common.QConfig.prepareCLI(QConfig.java:333)
12.05.22 09:24.43_634 main[I] Languages are loading... at ru.apertum.qsystem.client.Locales.<init>(Locales.java:158)
12.05.22 09:24.43_745 main[I] "QSystem 21.1"!  date: 02.06.2021 at ru.apertum.qsystem.About.load(About.java:80)
12.05.22 09:24.43_746 main[I] Mode: KEY_DEBUG at ru.apertum.qsystem.About.load(About.java:84)
12.05.22 09:24.43_747 main[I] Plugins: YES at ru.apertum.qsystem.About.load(About.java:85)
12.05.22 09:24.43_936 main[I] Loading plugins from folder: ./plugins/ at ru.apertum.qsystem.common.Uses.loadPlugins(Uses.java:667)
12.05.22 09:24.43_939 main[I] Plugin ClientboardRS485Plugin.jar was loaded successfully. at ru.apertum.qsystem.common.Uses.loadPlugins(Uses.java:673)
12.05.22 09:24.43_940 main[I] Plugin Microsound.jar was loaded successfully. at ru.apertum.qsystem.common.Uses.loadPlugins(Uses.java:673)
12.05.22 09:24.43_943 main[I] Plugin qsound-Angelina1.jar was loaded successfully. at ru.apertum.qsystem.common.Uses.loadPlugins(Uses.java:673)
12.05.22 09:24.43_951 main[I] Получить параметры. at ru.apertum.qsystem.common.NetCommander.getProperties(NetCommander.java:1213)
12.05.22 09:24.44_170 main[I] Получение возможных услуг. at ru.apertum.qsystem.common.NetCommander.getServices(NetCommander.java:328)
12.05.22 09:24.44_281 AWT-EventQueue-0[I] Создаем окно приглашения. at ru.apertum.qsystem.client.forms.FWelcome.init(FWelcome.java:844)
12.05.22 09:24.44_975 AWT-EventQueue-0[I] Показываем набор кнопок уровня: KICB ID=1 at ru.apertum.qsystem.client.forms.FWelcome.showButtons(FWelcome.java:1065)
12.05.22 09:24.45_118 Thread-2[I] Server for managment of registration point started. at ru.apertum.qsystem.client.forms.FWelcome$CommandServer.run(FWelcome.java:269)
12.05.22 09:24.45_210 AWT-EventQueue-0[E] Не найден файл "http://127.0.0.1:8081/d2.png" для HTML. at ru.apertum.qsystem.common.Uses.prepareAbsolutPathForImg(Uses.java:882)
12.05.22 09:25.01_009 AWT-EventQueue-0[I] Pressed button "Для держателей «Visa Infinite»" ID=1652115237630 at ru.apertum.qsystem.client.model.QButton$WelcomeButtonEvent.actionPerformed(QButton.java:430)
12.05.22 09:25.01_013 AWT-EventQueue-0[I] Узнать сколько народу стоит к услуге. at ru.apertum.qsystem.common.NetCommander.aboutService(NetCommander.java:414)
12.05.22 09:25.01_153 AWT-EventQueue-0[I] Встать в очередь. at ru.apertum.qsystem.common.NetCommander.standInService(NetCommander.java:350)
12.05.22 09:25.06_173 AWT-EventQueue-0[I] Показываем набор кнопок уровня: KICB ID=1 at ru.apertum.qsystem.client.forms.FWelcome.showButtons(FWelcome.java:1065)
12.05.22 09:26.47_799 main[I] Properties are ready. at ru.apertum.qsystem.common.QConfig.prepareCLI(QConfig.java:333)
12.05.22 09:26.47_809 main[I] Languages are loading... at ru.apertum.qsystem.client.Locales.<init>(Locales.java:158)
12.05.22 09:26.47_915 main[I] "QSystem 21.1"!  date: 02.06.2021 at ru.apertum.qsystem.About.load(About.java:80)
12.05.22 09:26.47_916 main[I] Mode: KEY_DEBUG at ru.apertum.qsystem.About.load(About.java:84)
12.05.22 09:26.47_917 main[I] Plugins: YES at ru.apertum.qsystem.About.load(About.java:85)
12.05.22 09:26.48_105 main[I] Loading plugins from folder: ./plugins/ at ru.apertum.qsystem.common.Uses.loadPlugins(Uses.java:667)
12.05.22 09:26.48_107 main[I] Plugin ClientboardRS485Plugin.jar was loaded successfully. at ru.apertum.qsystem.common.Uses.loadPlugins(Uses.java:673)
12.05.22 09:26.48_108 main[I] Plugin Microsound.jar was loaded successfully. at ru.apertum.qsystem.common.Uses.loadPlugins(Uses.java:673)
12.05.22 09:26.48_110 main[I] Plugin qsound-Angelina1.jar was loaded successfully. at ru.apertum.qsystem.common.Uses.loadPlugins(Uses.java:673)
12.05.22 09:26.48_117 main[I] Получить параметры. at ru.apertum.qsystem.common.NetCommander.getProperties(NetCommander.java:1213)
12.05.22 09:26.48_337 main[I] Получение возможных услуг. at ru.apertum.qsystem.common.NetCommander.getServices(NetCommander.java:328)
12.05.22 09:26.48_538 AWT-EventQueue-0[I] Создаем окно приглашения. at ru.apertum.qsystem.client.forms.FWelcome.init(FWelcome.java:844)
12.05.22 09:26.49_208 AWT-EventQueue-0[I] Показываем набор кнопок уровня: KICB ID=1 at ru.apertum.qsystem.client.forms.FWelcome.showButtons(FWelcome.java:1065)
12.05.22 09:26.49_344 Thread-2[I] Server for managment of registration point started. at ru.apertum.qsystem.client.forms.FWelcome$CommandServer.run(FWelcome.java:269)
12.05.22 09:26.49_457 AWT-EventQueue-0[E] Не найден файл "http://127.0.0.1:8081/d2.png" для HTML. at ru.apertum.qsystem.common.Uses.prepareAbsolutPathForImg(Uses.java:882)
12.05.22 09:27.11_000 AWT-EventQueue-0[I] Pressed button "Выдача Карт (Окно 1,2,3,4) " ID=1652115222583 at ru.apertum.qsystem.client.model.QButton$WelcomeButtonEvent.actionPerformed(QButton.java:430)
12.05.22 09:27.11_005 AWT-EventQueue-0[I] Узнать сколько народу стоит к услуге. at ru.apertum.qsystem.common.NetCommander.aboutService(NetCommander.java:414)
12.05.22 09:27.11_142 AWT-EventQueue-0[I] Встать в очередь. at ru.apertum.qsystem.common.NetCommander.standInService(NetCommander.java:350)
12.05.22 09:27.16_265 AWT-EventQueue-0[I] Показываем набор кнопок уровня: KICB ID=1 at ru.apertum.qsystem.client.forms.FWelcome.showButtons(FWelcome.java:1065)
12.05.22 09:28.33_414 main[I] Properties are ready. at ru.apertum.qsystem.common.QConfig.prepareCLI(QConfig.java:333)
12.05.22 09:28.33_426 main[I] Languages are loading... at ru.apertum.qsystem.client.Locales.<init>(Locales.java:158)
12.05.22 09:28.33_529 main[I] "QSystem 21.1"!  date: 02.06.2021 at ru.apertum.qsystem.About.load(About.java:80)
12.05.22 09:28.33_529 main[I] Mode: KEY_DEBUG at ru.apertum.qsystem.About.load(About.java:84)
12.05.22 09:28.33_530 main[I] Plugins: YES at ru.apertum.qsystem.About.load(About.java:85)
12.05.22 09:28.33_721 main[I] Loading plugins from folder: ./plugins/ at ru.apertum.qsystem.common.Uses.loadPlugins(Uses.java:667)
12.05.22 09:28.33_723 main[I] Plugin ClientboardRS485Plugin.jar was loaded successfully. at ru.apertum.qsystem.common.Uses.loadPlugins(Uses.java:673)
12.05.22 09:28.33_724 main[I] Plugin Microsound.jar was loaded successfully. at ru.apertum.qsystem.common.Uses.loadPlugins(Uses.java:673)
12.05.22 09:28.33_726 main[I] Plugin qsound-Angelina1.jar was loaded successfully. at ru.apertum.qsystem.common.Uses.loadPlugins(Uses.java:673)
12.05.22 09:28.33_733 main[I] Получить параметры. at ru.apertum.qsystem.common.NetCommander.getProperties(NetCommander.java:1213)
12.05.22 09:28.33_947 main[I] Получение возможных услуг. at ru.apertum.qsystem.common.NetCommander.getServices(NetCommander.java:328)
12.05.22 09:28.34_050 AWT-EventQueue-0[I] Создаем окно приглашения. at ru.apertum.qsystem.client.forms.FWelcome.init(FWelcome.java:844)
12.05.22 09:28.34_710 AWT-EventQueue-0[I] Показываем набор кнопок уровня: KICB ID=1 at ru.apertum.qsystem.client.forms.FWelcome.showButtons(FWelcome.java:1065)
12.05.22 09:28.34_853 Thread-2[I] Server for managment of registration point started. at ru.apertum.qsystem.client.forms.FWelcome$CommandServer.run(FWelcome.java:269)
12.05.22 09:28.34_942 AWT-EventQueue-0[E] Не найден файл "http://127.0.0.1:8081/d2.png" для HTML. at ru.apertum.qsystem.common.Uses.prepareAbsolutPathForImg(Uses.java:882)
12.05.22 09:28.46_735 AWT-EventQueue-0[I] Pressed button "Выдача Карт (Окно 1,2,3,4) " ID=1652115222583 at ru.apertum.qsystem.client.model.QButton$WelcomeButtonEvent.actionPerformed(QButton.java:430)
12.05.22 09:28.46_739 AWT-EventQueue-0[I] Узнать сколько народу стоит к услуге. at ru.apertum.qsystem.common.NetCommander.aboutService(NetCommander.java:414)
12.05.22 09:28.46_788 AWT-EventQueue-0[I] Встать в очередь. at ru.apertum.qsystem.common.NetCommander.standInService(NetCommander.java:350)
12.05.22 09:28.51_907 AWT-EventQueue-0[I] Показываем набор кнопок уровня: KICB ID=1 at ru.apertum.qsystem.client.forms.FWelcome.showButtons(FWelcome.java:1065)
12.05.22 09:30.28_097 main[I] Properties are ready. at ru.apertum.qsystem.common.QConfig.prepareCLI(QConfig.java:333)
12.05.22 09:30.28_108 main[I] Languages are loading... at ru.apertum.qsystem.client.Locales.<init>(Locales.java:158)
12.05.22 09:30.28_229 main[I] "QSystem 21.1"!  date: 02.06.2021 at ru.apertum.qsystem.About.load(About.java:80)
12.05.22 09:30.28_229 main[I] Mode: KEY_DEBUG at ru.apertum.qsystem.About.load(About.java:84)
12.05.22 09:30.28_231 main[I] Plugins: YES at ru.apertum.qsystem.About.load(About.java:85)
12.05.22 09:30.28_451 main[I] Loading plugins from folder: ./plugins/ at ru.apertum.qsystem.common.Uses.loadPlugins(Uses.java:667)
12.05.22 09:30.28_454 main[I] Plugin ClientboardRS485Plugin.jar was loaded successfully. at ru.apertum.qsystem.common.Uses.loadPlugins(Uses.java:673)
12.05.22 09:30.28_455 main[I] Plugin Microsound.jar was loaded successfully. at ru.apertum.qsystem.common.Uses.loadPlugins(Uses.java:673)
12.05.22 09:30.28_459 main[I] Plugin qsound-Angelina1.jar was loaded successfully. at ru.apertum.qsystem.common.Uses.loadPlugins(Uses.java:673)
12.05.22 09:30.28_466 main[I] Получить параметры. at ru.apertum.qsystem.common.NetCommander.getProperties(NetCommander.java:1213)
12.05.22 09:30.28_682 main[I] Получение возможных услуг. at ru.apertum.qsystem.common.NetCommander.getServices(NetCommander.java:328)
12.05.22 09:30.28_884 AWT-EventQueue-0[I] Создаем окно приглашения. at ru.apertum.qsystem.client.forms.FWelcome.init(FWelcome.java:844)
12.05.22 09:30.29_557 AWT-EventQueue-0[I] Показываем набор кнопок уровня: KICB ID=1 at ru.apertum.qsystem.client.forms.FWelcome.showButtons(FWelcome.java:1065)
12.05.22 09:30.29_750 Thread-2[I] Server for managment of registration point started. at ru.apertum.qsystem.client.forms.FWelcome$CommandServer.run(FWelcome.java:269)
12.05.22 09:30.29_828 AWT-EventQueue-0[E] Не найден файл "http://127.0.0.1:8081/d2.png" для HTML. at ru.apertum.qsystem.common.Uses.prepareAbsolutPathForImg(Uses.java:882)
12.05.22 09:30.33_424 AWT-EventQueue-0[I] Pressed button "Выдача Карт (Окно 1,2,3,4) " ID=1652115222583 at ru.apertum.qsystem.client.model.QButton$WelcomeButtonEvent.actionPerformed(QButton.java:430)
12.05.22 09:30.33_427 AWT-EventQueue-0[I] Узнать сколько народу стоит к услуге. at ru.apertum.qsystem.common.NetCommander.aboutService(NetCommander.java:414)
12.05.22 09:30.33_488 AWT-EventQueue-0[I] Встать в очередь. at ru.apertum.qsystem.common.NetCommander.standInService(NetCommander.java:350)
12.05.22 09:30.38_607 AWT-EventQueue-0[I] Показываем набор кнопок уровня: KICB ID=1 at ru.apertum.qsystem.client.forms.FWelcome.showButtons(FWelcome.java:1065)
12.05.22 09:32.22_439 AWT-EventQueue-0[I] Pressed button "Для держателей «Visa Infinite»" ID=1652115237630 at ru.apertum.qsystem.client.model.QButton$WelcomeButtonEvent.actionPerformed(QButton.java:430)
12.05.22 09:32.22_440 AWT-EventQueue-0[I] Узнать сколько народу стоит к услуге. at ru.apertum.qsystem.common.NetCommander.aboutService(NetCommander.java:414)
12.05.22 09:32.22_459 AWT-EventQueue-0[I] Встать в очередь. at ru.apertum.qsystem.common.NetCommander.standInService(NetCommander.java:350)
12.05.22 09:32.27_572 AWT-EventQueue-0[I] Показываем набор кнопок уровня: KICB ID=1 at ru.apertum.qsystem.client.forms.FWelcome.showButtons(FWelcome.java:1065)
12.05.22 09:32.39_390 main[I] Properties are ready. at ru.apertum.qsystem.common.QConfig.prepareCLI(QConfig.java:333)
12.05.22 09:32.39_400 main[I] Languages are loading... at ru.apertum.qsystem.client.Locales.<init>(Locales.java:158)
12.05.22 09:32.39_515 main[I] "QSystem 21.1"!  date: 02.06.2021 at ru.apertum.qsystem.About.load(About.java:80)
12.05.22 09:32.39_516 main[I] Mode: KEY_DEBUG at ru.apertum.qsystem.About.load(About.java:84)
12.05.22 09:32.39_517 main[I] Plugins: YES at ru.apertum.qsystem.About.load(About.java:85)
12.05.22 09:32.39_707 main[I] Loading plugins from folder: ./plugins/ at ru.apertum.qsystem.common.Uses.loadPlugins(Uses.java:667)
12.05.22 09:32.39_709 main[I] Plugin ClientboardRS485Plugin.jar was loaded successfully. at ru.apertum.qsystem.common.Uses.loadPlugins(Uses.java:673)
12.05.22 09:32.39_710 main[I] Plugin Microsound.jar was loaded successfully. at ru.apertum.qsystem.common.Uses.loadPlugins(Uses.java:673)
12.05.22 09:32.39_713 main[I] Plugin qsound-Angelina1.jar was loaded successfully. at ru.apertum.qsystem.common.Uses.loadPlugins(Uses.java:673)
12.05.22 09:32.39_722 main[I] Получить параметры. at ru.apertum.qsystem.common.NetCommander.getProperties(NetCommander.java:1213)
12.05.22 09:32.39_942 main[I] Получение возможных услуг. at ru.apertum.qsystem.common.NetCommander.getServices(NetCommander.java:328)
12.05.22 09:32.40_050 AWT-EventQueue-0[I] Создаем окно приглашения. at ru.apertum.qsystem.client.forms.FWelcome.init(FWelcome.java:844)
12.05.22 09:32.40_714 AWT-EventQueue-0[I] Показываем набор кнопок уровня: KICB ID=1 at ru.apertum.qsystem.client.forms.FWelcome.showButtons(FWelcome.java:1065)
12.05.22 09:32.40_851 Thread-2[I] Server for managment of registration point started. at ru.apertum.qsystem.client.forms.FWelcome$CommandServer.run(FWelcome.java:269)
12.05.22 09:32.40_948 AWT-EventQueue-0[E] Не найден файл "http://127.0.0.1:8081/d2.png" для HTML. at ru.apertum.qsystem.common.Uses.prepareAbsolutPathForImg(Uses.java:882)
12.05.22 09:32.48_935 AWT-EventQueue-0[I] Pressed button "Для держателей «Visa Infinite»" ID=1652115237630 at ru.apertum.qsystem.client.model.QButton$WelcomeButtonEvent.actionPerformed(QButton.java:430)
12.05.22 09:32.48_938 AWT-EventQueue-0[I] Узнать сколько народу стоит к услуге. at ru.apertum.qsystem.common.NetCommander.aboutService(NetCommander.java:414)
12.05.22 09:32.49_074 AWT-EventQueue-0[I] Встать в очередь. at ru.apertum.qsystem.common.NetCommander.standInService(NetCommander.java:350)
12.05.22 09:32.54_190 AWT-EventQueue-0[I] Показываем набор кнопок уровня: KICB ID=1 at ru.apertum.qsystem.client.forms.FWelcome.showButtons(FWelcome.java:1065)
12.05.22 09:34.38_568 main[I] Properties are ready. at ru.apertum.qsystem.common.QConfig.prepareCLI(QConfig.java:333)
12.05.22 09:34.38_580 main[I] Languages are loading... at ru.apertum.qsystem.client.Locales.<init>(Locales.java:158)
12.05.22 09:34.38_699 main[I] "QSystem 21.1"!  date: 02.06.2021 at ru.apertum.qsystem.About.load(About.java:80)
12.05.22 09:34.38_699 main[I] Mode: KEY_DEBUG at ru.apertum.qsystem.About.load(About.java:84)
12.05.22 09:34.38_700 main[I] Plugins: YES at ru.apertum.qsystem.About.load(About.java:85)
12.05.22 09:34.38_885 main[I] Loading plugins from folder: ./plugins/ at ru.apertum.qsystem.common.Uses.loadPlugins(Uses.java:667)
12.05.22 09:34.38_887 main[I] Plugin ClientboardRS485Plugin.jar was loaded successfully. at ru.apertum.qsystem.common.Uses.loadPlugins(Uses.java:673)
12.05.22 09:34.38_888 main[I] Plugin Microsound.jar was loaded successfully. at ru.apertum.qsystem.common.Uses.loadPlugins(Uses.java:673)
12.05.22 09:34.38_891 main[I] Plugin qsound-Angelina1.jar was loaded successfully. at ru.apertum.qsystem.common.Uses.loadPlugins(Uses.java:673)
12.05.22 09:34.38_899 main[I] Получить параметры. at ru.apertum.qsystem.common.NetCommander.getProperties(NetCommander.java:1213)
12.05.22 09:34.39_110 main[I] Получение возможных услуг. at ru.apertum.qsystem.common.NetCommander.getServices(NetCommander.java:328)
12.05.22 09:34.39_312 AWT-EventQueue-0[I] Создаем окно приглашения. at ru.apertum.qsystem.client.forms.FWelcome.init(FWelcome.java:844)
12.05.22 09:34.39_971 AWT-EventQueue-0[I] Показываем набор кнопок уровня: KICB ID=1 at ru.apertum.qsystem.client.forms.FWelcome.showButtons(FWelcome.java:1065)
12.05.22 09:34.40_117 Thread-2[I] Server for managment of registration point started. at ru.apertum.qsystem.client.forms.FWelcome$CommandServer.run(FWelcome.java:269)
12.05.22 09:34.40_214 AWT-EventQueue-0[E] Не найден файл "http://127.0.0.1:8081/d2.png" для HTML. at ru.apertum.qsystem.common.Uses.prepareAbsolutPathForImg(Uses.java:882)
12.05.22 09:34.45_910 AWT-EventQueue-0[I] Pressed button "Для держателей «Visa Infinite»" ID=1652115237630 at ru.apertum.qsystem.client.model.QButton$WelcomeButtonEvent.actionPerformed(QButton.java:430)
12.05.22 09:34.45_915 AWT-EventQueue-0[I] Узнать сколько народу стоит к услуге. at ru.apertum.qsystem.common.NetCommander.aboutService(NetCommander.java:414)
12.05.22 09:34.46_056 AWT-EventQueue-0[I] Встать в очередь. at ru.apertum.qsystem.common.NetCommander.standInService(NetCommander.java:350)
12.05.22 09:34.51_077 AWT-EventQueue-0[I] Показываем набор кнопок уровня: KICB ID=1 at ru.apertum.qsystem.client.forms.FWelcome.showButtons(FWelcome.java:1065)
12.05.22 09:37.47_292 main[I] Properties are ready. at ru.apertum.qsystem.common.QConfig.prepareCLI(QConfig.java:333)
12.05.22 09:37.47_304 main[I] Languages are loading... at ru.apertum.qsystem.client.Locales.<init>(Locales.java:158)
12.05.22 09:37.47_407 main[I] "QSystem 21.1"!  date: 02.06.2021 at ru.apertum.qsystem.About.load(About.java:80)
12.05.22 09:37.47_408 main[I] Mode: KEY_DEBUG at ru.apertum.qsystem.About.load(About.java:84)
12.05.22 09:37.47_409 main[I] Plugins: YES at ru.apertum.qsystem.About.load(About.java:85)
12.05.22 09:37.47_604 main[I] Loading plugins from folder: ./plugins/ at ru.apertum.qsystem.common.Uses.loadPlugins(Uses.java:667)
12.05.22 09:37.47_605 main[I] Plugin ClientboardRS485Plugin.jar was loaded successfully. at ru.apertum.qsystem.common.Uses.loadPlugins(Uses.java:673)
12.05.22 09:37.47_606 main[I] Plugin Microsound.jar was loaded successfully. at ru.apertum.qsystem.common.Uses.loadPlugins(Uses.java:673)
12.05.22 09:37.47_608 main[I] Plugin qsound-Angelina1.jar was loaded successfully. at ru.apertum.qsystem.common.Uses.loadPlugins(Uses.java:673)
12.05.22 09:37.47_617 main[I] Получить параметры. at ru.apertum.qsystem.common.NetCommander.getProperties(NetCommander.java:1213)
12.05.22 09:37.47_836 main[I] Получение возможных услуг. at ru.apertum.qsystem.common.NetCommander.getServices(NetCommander.java:328)
12.05.22 09:37.48_048 AWT-EventQueue-0[I] Создаем окно приглашения. at ru.apertum.qsystem.client.forms.FWelcome.init(FWelcome.java:844)
12.05.22 09:37.48_718 AWT-EventQueue-0[I] Показываем набор кнопок уровня: KICB ID=1 at ru.apertum.qsystem.client.forms.FWelcome.showButtons(FWelcome.java:1065)
12.05.22 09:37.48_861 Thread-2[I] Server for managment of registration point started. at ru.apertum.qsystem.client.forms.FWelcome$CommandServer.run(FWelcome.java:269)
12.05.22 09:37.48_951 AWT-EventQueue-0[E] Не найден файл "http://127.0.0.1:8081/d2.png" для HTML. at ru.apertum.qsystem.common.Uses.prepareAbsolutPathForImg(Uses.java:882)
12.05.22 09:37.54_380 AWT-EventQueue-0[I] Pressed button "Для держателей «Visa Infinite»" ID=1652115237630 at ru.apertum.qsystem.client.model.QButton$WelcomeButtonEvent.actionPerformed(QButton.java:430)
12.05.22 09:37.54_383 AWT-EventQueue-0[I] Узнать сколько народу стоит к услуге. at ru.apertum.qsystem.common.NetCommander.aboutService(NetCommander.java:414)
12.05.22 09:37.54_426 AWT-EventQueue-0[I] Встать в очередь. at ru.apertum.qsystem.common.NetCommander.standInService(NetCommander.java:350)
12.05.22 09:37.59_545 AWT-EventQueue-0[I] Показываем набор кнопок уровня: KICB ID=1 at ru.apertum.qsystem.client.forms.FWelcome.showButtons(FWelcome.java:1065)
12.05.22 09:39.42_395 main[I] Properties are ready. at ru.apertum.qsystem.common.QConfig.prepareCLI(QConfig.java:333)
12.05.22 09:39.42_406 main[I] Languages are loading... at ru.apertum.qsystem.client.Locales.<init>(Locales.java:158)
12.05.22 09:39.42_572 main[I] "QSystem 21.1"!  date: 02.06.2021 at ru.apertum.qsystem.About.load(About.java:80)
12.05.22 09:39.42_572 main[I] Mode: KEY_DEBUG at ru.apertum.qsystem.About.load(About.java:84)
12.05.22 09:39.42_574 main[I] Plugins: YES at ru.apertum.qsystem.About.load(About.java:85)
12.05.22 09:39.42_815 main[I] Loading plugins from folder: ./plugins/ at ru.apertum.qsystem.common.Uses.loadPlugins(Uses.java:667)
12.05.22 09:39.42_817 main[I] Plugin ClientboardRS485Plugin.jar was loaded successfully. at ru.apertum.qsystem.common.Uses.loadPlugins(Uses.java:673)
12.05.22 09:39.42_818 main[I] Plugin Microsound.jar was loaded successfully. at ru.apertum.qsystem.common.Uses.loadPlugins(Uses.java:673)
12.05.22 09:39.42_823 main[I] Plugin qsound-Angelina1.jar was loaded successfully. at ru.apertum.qsystem.common.Uses.loadPlugins(Uses.java:673)
12.05.22 09:39.42_839 main[I] Получить параметры. at ru.apertum.qsystem.common.NetCommander.getProperties(NetCommander.java:1213)
12.05.22 09:39.43_106 main[I] Получение возможных услуг. at ru.apertum.qsystem.common.NetCommander.getServices(NetCommander.java:328)
12.05.22 09:39.43_344 AWT-EventQueue-0[I] Создаем окно приглашения. at ru.apertum.qsystem.client.forms.FWelcome.init(FWelcome.java:844)
12.05.22 09:39.44_054 AWT-EventQueue-0[I] Показываем набор кнопок уровня: KICB ID=1 at ru.apertum.qsystem.client.forms.FWelcome.showButtons(FWelcome.java:1065)
12.05.22 09:39.44_306 Thread-2[I] Server for managment of registration point started. at ru.apertum.qsystem.client.forms.FWelcome$CommandServer.run(FWelcome.java:269)
12.05.22 09:39.44_362 AWT-EventQueue-0[E] Не найден файл "http://127.0.0.1:8081/d2.png" для HTML. at ru.apertum.qsystem.common.Uses.prepareAbsolutPathForImg(Uses.java:882)
12.05.22 09:39.49_539 AWT-EventQueue-0[I] Pressed button "Для держателей «Visa Infinite»" ID=1652115237630 at ru.apertum.qsystem.client.model.QButton$WelcomeButtonEvent.actionPerformed(QButton.java:430)
12.05.22 09:39.49_543 AWT-EventQueue-0[I] Узнать сколько народу стоит к услуге. at ru.apertum.qsystem.common.NetCommander.aboutService(NetCommander.java:414)
12.05.22 09:39.49_680 AWT-EventQueue-0[I] Встать в очередь. at ru.apertum.qsystem.common.NetCommander.standInService(NetCommander.java:350)
12.05.22 09:39.54_800 AWT-EventQueue-0[I] Показываем набор кнопок уровня: KICB ID=1 at ru.apertum.qsystem.client.forms.FWelcome.showButtons(FWelcome.java:1065)
12.05.22 09:41.23_220 main[I] Properties are ready. at ru.apertum.qsystem.common.QConfig.prepareCLI(QConfig.java:333)
12.05.22 09:41.23_228 main[I] Languages are loading... at ru.apertum.qsystem.client.Locales.<init>(Locales.java:158)
12.05.22 09:41.23_332 main[I] "QSystem 21.1"!  date: 02.06.2021 at ru.apertum.qsystem.About.load(About.java:80)
12.05.22 09:41.23_333 main[I] Mode: KEY_DEBUG at ru.apertum.qsystem.About.load(About.java:84)
12.05.22 09:41.23_334 main[I] Plugins: YES at ru.apertum.qsystem.About.load(About.java:85)
12.05.22 09:41.23_526 main[I] Loading plugins from folder: ./plugins/ at ru.apertum.qsystem.common.Uses.loadPlugins(Uses.java:667)
12.05.22 09:41.23_527 main[I] Plugin ClientboardRS485Plugin.jar was loaded successfully. at ru.apertum.qsystem.common.Uses.loadPlugins(Uses.java:673)
12.05.22 09:41.23_528 main[I] Plugin Microsound.jar was loaded successfully. at ru.apertum.qsystem.common.Uses.loadPlugins(Uses.java:673)
12.05.22 09:41.23_531 main[I] Plugin qsound-Angelina1.jar was loaded successfully. at ru.apertum.qsystem.common.Uses.loadPlugins(Uses.java:673)
12.05.22 09:41.23_539 main[I] Получить параметры. at ru.apertum.qsystem.common.NetCommander.getProperties(NetCommander.java:1213)
12.05.22 09:41.23_750 main[I] Получение возможных услуг. at ru.apertum.qsystem.common.NetCommander.getServices(NetCommander.java:328)
12.05.22 09:41.23_951 AWT-EventQueue-0[I] Создаем окно приглашения. at ru.apertum.qsystem.client.forms.FWelcome.init(FWelcome.java:844)
12.05.22 09:41.24_622 AWT-EventQueue-0[I] Показываем набор кнопок уровня: KICB ID=1 at ru.apertum.qsystem.client.forms.FWelcome.showButtons(FWelcome.java:1065)
12.05.22 09:41.24_775 Thread-2[I] Server for managment of registration point started. at ru.apertum.qsystem.client.forms.FWelcome$CommandServer.run(FWelcome.java:269)
12.05.22 09:41.24_861 AWT-EventQueue-0[E] Не найден файл "http://127.0.0.1:8081/d2.png" для HTML. at ru.apertum.qsystem.common.Uses.prepareAbsolutPathForImg(Uses.java:882)
12.05.22 09:41.29_651 AWT-EventQueue-0[I] Pressed button "Для держателей «Visa Infinite»" ID=1652115237630 at ru.apertum.qsystem.client.model.QButton$WelcomeButtonEvent.actionPerformed(QButton.java:430)
12.05.22 09:41.29_655 AWT-EventQueue-0[I] Узнать сколько народу стоит к услуге. at ru.apertum.qsystem.common.NetCommander.aboutService(NetCommander.java:414)
12.05.22 09:41.29_795 AWT-EventQueue-0[I] Встать в очередь. at ru.apertum.qsystem.common.NetCommander.standInService(NetCommander.java:350)
12.05.22 09:41.34_814 AWT-EventQueue-0[I] Показываем набор кнопок уровня: KICB ID=1 at ru.apertum.qsystem.client.forms.FWelcome.showButtons(FWelcome.java:1065)
12.05.22 09:42.58_610 AWT-EventQueue-0[I] Pressed button "Для держателей «Visa Infinite»" ID=1652115237630 at ru.apertum.qsystem.client.model.QButton$WelcomeButtonEvent.actionPerformed(QButton.java:430)
12.05.22 09:42.58_612 AWT-EventQueue-0[I] Узнать сколько народу стоит к услуге. at ru.apertum.qsystem.common.NetCommander.aboutService(NetCommander.java:414)
12.05.22 09:42.58_632 AWT-EventQueue-0[I] Встать в очередь. at ru.apertum.qsystem.common.NetCommander.standInService(NetCommander.java:350)
12.05.22 09:43.03_648 AWT-EventQueue-0[I] Показываем набор кнопок уровня: KICB ID=1 at ru.apertum.qsystem.client.forms.FWelcome.showButtons(FWelcome.java:1065)
12.05.22 09:43.09_393 AWT-EventQueue-0[I] Pressed button "Для держателей «Visa Infinite»" ID=1652115237630 at ru.apertum.qsystem.client.model.QButton$WelcomeButtonEvent.actionPerformed(QButton.java:430)
12.05.22 09:43.09_395 AWT-EventQueue-0[I] Узнать сколько народу стоит к услуге. at ru.apertum.qsystem.common.NetCommander.aboutService(NetCommander.java:414)
12.05.22 09:43.09_511 AWT-EventQueue-0[I] Встать в очередь. at ru.apertum.qsystem.common.NetCommander.standInService(NetCommander.java:350)
12.05.22 09:43.14_624 AWT-EventQueue-0[I] Показываем набор кнопок уровня: KICB ID=1 at ru.apertum.qsystem.client.forms.FWelcome.showButtons(FWelcome.java:1065)
12.05.22 09:44.33_728 main[I] Properties are ready. at ru.apertum.qsystem.common.QConfig.prepareCLI(QConfig.java:333)
12.05.22 09:44.33_738 main[I] Languages are loading... at ru.apertum.qsystem.client.Locales.<init>(Locales.java:158)
12.05.22 09:44.33_853 main[I] "QSystem 21.1"!  date: 02.06.2021 at ru.apertum.qsystem.About.load(About.java:80)
12.05.22 09:44.33_854 main[I] Mode: KEY_DEBUG at ru.apertum.qsystem.About.load(About.java:84)
12.05.22 09:44.33_855 main[I] Plugins: YES at ru.apertum.qsystem.About.load(About.java:85)
12.05.22 09:44.34_048 main[I] Loading plugins from folder: ./plugins/ at ru.apertum.qsystem.common.Uses.loadPlugins(Uses.java:667)
12.05.22 09:44.34_050 main[I] Plugin ClientboardRS485Plugin.jar was loaded successfully. at ru.apertum.qsystem.common.Uses.loadPlugins(Uses.java:673)
12.05.22 09:44.34_051 main[I] Plugin Microsound.jar was loaded successfully. at ru.apertum.qsystem.common.Uses.loadPlugins(Uses.java:673)
12.05.22 09:44.34_053 main[I] Plugin qsound-Angelina1.jar was loaded successfully. at ru.apertum.qsystem.common.Uses.loadPlugins(Uses.java:673)
12.05.22 09:44.34_061 main[I] Получить параметры. at ru.apertum.qsystem.common.NetCommander.getProperties(NetCommander.java:1213)
12.05.22 09:44.34_282 main[I] Получение возможных услуг. at ru.apertum.qsystem.common.NetCommander.getServices(NetCommander.java:328)
12.05.22 09:44.34_486 AWT-EventQueue-0[I] Создаем окно приглашения. at ru.apertum.qsystem.client.forms.FWelcome.init(FWelcome.java:844)
12.05.22 09:44.35_104 AWT-EventQueue-0[I] Показываем набор кнопок уровня: KICB ID=1 at ru.apertum.qsystem.client.forms.FWelcome.showButtons(FWelcome.java:1065)
12.05.22 09:44.35_316 Thread-2[I] Server for managment of registration point started. at ru.apertum.qsystem.client.forms.FWelcome$CommandServer.run(FWelcome.java:269)
12.05.22 09:44.35_389 AWT-EventQueue-0[E] Не найден файл "http://127.0.0.1:8081/d2.png" для HTML. at ru.apertum.qsystem.common.Uses.prepareAbsolutPathForImg(Uses.java:882)
12.05.22 09:44.39_401 AWT-EventQueue-0[I] Pressed button "Для держателей «Visa Infinite»" ID=1652115237630 at ru.apertum.qsystem.client.model.QButton$WelcomeButtonEvent.actionPerformed(QButton.java:430)
12.05.22 09:44.39_405 AWT-EventQueue-0[I] Узнать сколько народу стоит к услуге. at ru.apertum.qsystem.common.NetCommander.aboutService(NetCommander.java:414)
12.05.22 09:44.39_541 AWT-EventQueue-0[I] Встать в очередь. at ru.apertum.qsystem.common.NetCommander.standInService(NetCommander.java:350)
12.05.22 09:44.44_659 AWT-EventQueue-0[I] Показываем набор кнопок уровня: KICB ID=1 at ru.apertum.qsystem.client.forms.FWelcome.showButtons(FWelcome.java:1065)
12.05.22 09:47.12_481 main[I] Properties are ready. at ru.apertum.qsystem.common.QConfig.prepareCLI(QConfig.java:333)
12.05.22 09:47.12_494 main[I] Languages are loading... at ru.apertum.qsystem.client.Locales.<init>(Locales.java:158)
12.05.22 09:47.12_600 main[I] "QSystem 21.1"!  date: 02.06.2021 at ru.apertum.qsystem.About.load(About.java:80)
12.05.22 09:47.12_600 main[I] Mode: KEY_DEBUG at ru.apertum.qsystem.About.load(About.java:84)
12.05.22 09:47.12_602 main[I] Plugins: YES at ru.apertum.qsystem.About.load(About.java:85)
12.05.22 09:47.12_791 main[I] Loading plugins from folder: ./plugins/ at ru.apertum.qsystem.common.Uses.loadPlugins(Uses.java:667)
12.05.22 09:47.12_793 main[I] Plugin ClientboardRS485Plugin.jar was loaded successfully. at ru.apertum.qsystem.common.Uses.loadPlugins(Uses.java:673)
12.05.22 09:47.12_794 main[I] Plugin Microsound.jar was loaded successfully. at ru.apertum.qsystem.common.Uses.loadPlugins(Uses.java:673)
12.05.22 09:47.12_796 main[I] Plugin qsound-Angelina1.jar was loaded successfully. at ru.apertum.qsystem.common.Uses.loadPlugins(Uses.java:673)
12.05.22 09:47.12_804 main[I] Получить параметры. at ru.apertum.qsystem.common.NetCommander.getProperties(NetCommander.java:1213)
12.05.22 09:47.13_023 main[I] Получение возможных услуг. at ru.apertum.qsystem.common.NetCommander.getServices(NetCommander.java:328)
12.05.22 09:47.13_222 AWT-EventQueue-0[I] Создаем окно приглашения. at ru.apertum.qsystem.client.forms.FWelcome.init(FWelcome.java:844)
12.05.22 09:47.13_897 AWT-EventQueue-0[I] Показываем набор кнопок уровня: KICB ID=1 at ru.apertum.qsystem.client.forms.FWelcome.showButtons(FWelcome.java:1065)
12.05.22 09:47.14_035 Thread-2[I] Server for managment of registration point started. at ru.apertum.qsystem.client.forms.FWelcome$CommandServer.run(FWelcome.java:269)
12.05.22 09:47.14_133 AWT-EventQueue-0[E] Не найден файл "http://127.0.0.1:8081/d2.png" для HTML. at ru.apertum.qsystem.common.Uses.prepareAbsolutPathForImg(Uses.java:882)
12.05.22 09:47.29_209 AWT-EventQueue-0[I] Pressed button "Для держателей «Visa Infinite»" ID=1652115237630 at ru.apertum.qsystem.client.model.QButton$WelcomeButtonEvent.actionPerformed(QButton.java:430)
12.05.22 09:47.29_212 AWT-EventQueue-0[I] Узнать сколько народу стоит к услуге. at ru.apertum.qsystem.common.NetCommander.aboutService(NetCommander.java:414)
12.05.22 09:47.29_352 AWT-EventQueue-0[I] Встать в очередь. at ru.apertum.qsystem.common.NetCommander.standInService(NetCommander.java:350)
12.05.22 09:47.34_471 AWT-EventQueue-0[I] Показываем набор кнопок уровня: KICB ID=1 at ru.apertum.qsystem.client.forms.FWelcome.showButtons(FWelcome.java:1065)
12.05.22 09:48.50_305 main[I] Properties are ready. at ru.apertum.qsystem.common.QConfig.prepareCLI(QConfig.java:333)
12.05.22 09:48.50_315 main[I] Languages are loading... at ru.apertum.qsystem.client.Locales.<init>(Locales.java:158)
12.05.22 09:48.50_475 main[I] "QSystem 21.1"!  date: 02.06.2021 at ru.apertum.qsystem.About.load(About.java:80)
12.05.22 09:48.50_476 main[I] Mode: KEY_DEBUG at ru.apertum.qsystem.About.load(About.java:84)
12.05.22 09:48.50_477 main[I] Plugins: YES at ru.apertum.qsystem.About.load(About.java:85)
12.05.22 09:48.50_719 main[I] Loading plugins from folder: ./plugins/ at ru.apertum.qsystem.common.Uses.loadPlugins(Uses.java:667)
12.05.22 09:48.50_721 main[I] Plugin ClientboardRS485Plugin.jar was loaded successfully. at ru.apertum.qsystem.common.Uses.loadPlugins(Uses.java:673)
12.05.22 09:48.50_722 main[I] Plugin Microsound.jar was loaded successfully. at ru.apertum.qsystem.common.Uses.loadPlugins(Uses.java:673)
12.05.22 09:48.50_729 main[I] Plugin qsound-Angelina1.jar was loaded successfully. at ru.apertum.qsystem.common.Uses.loadPlugins(Uses.java:673)
12.05.22 09:48.50_740 main[I] Получить параметры. at ru.apertum.qsystem.common.NetCommander.getProperties(NetCommander.java:1213)
12.05.22 09:48.51_019 main[I] Получение возможных услуг. at ru.apertum.qsystem.common.NetCommander.getServices(NetCommander.java:328)
12.05.22 09:48.51_245 AWT-EventQueue-0[I] Создаем окно приглашения. at ru.apertum.qsystem.client.forms.FWelcome.init(FWelcome.java:844)
12.05.22 09:48.52_104 AWT-EventQueue-0[I] Показываем набор кнопок уровня: KICB ID=1 at ru.apertum.qsystem.client.forms.FWelcome.showButtons(FWelcome.java:1065)
12.05.22 09:48.52_411 Thread-2[I] Server for managment of registration point started. at ru.apertum.qsystem.client.forms.FWelcome$CommandServer.run(FWelcome.java:269)
12.05.22 09:48.52_526 AWT-EventQueue-0[E] Не найден файл "http://127.0.0.1:8081/d2.png" для HTML. at ru.apertum.qsystem.common.Uses.prepareAbsolutPathForImg(Uses.java:882)
12.05.22 09:50.06_823 AWT-EventQueue-0[I] Pressed button "Для держателей «Visa Infinite»" ID=1652115237630 at ru.apertum.qsystem.client.model.QButton$WelcomeButtonEvent.actionPerformed(QButton.java:430)
12.05.22 09:50.06_828 AWT-EventQueue-0[I] Узнать сколько народу стоит к услуге. at ru.apertum.qsystem.common.NetCommander.aboutService(NetCommander.java:414)
12.05.22 09:50.06_894 AWT-EventQueue-0[I] Встать в очередь. at ru.apertum.qsystem.common.NetCommander.standInService(NetCommander.java:350)
12.05.22 09:50.12_013 AWT-EventQueue-0[I] Показываем набор кнопок уровня: KICB ID=1 at ru.apertum.qsystem.client.forms.FWelcome.showButtons(FWelcome.java:1065)
12.05.22 09:50.18_047 AWT-EventQueue-0[I] Pressed button "Для держателей «Visa Infinite»" ID=1652115237630 at ru.apertum.qsystem.client.model.QButton$WelcomeButtonEvent.actionPerformed(QButton.java:430)
12.05.22 09:50.18_049 AWT-EventQueue-0[I] Узнать сколько народу стоит к услуге. at ru.apertum.qsystem.common.NetCommander.aboutService(NetCommander.java:414)
12.05.22 09:50.18_167 AWT-EventQueue-0[I] Встать в очередь. at ru.apertum.qsystem.common.NetCommander.standInService(NetCommander.java:350)
12.05.22 09:50.23_281 AWT-EventQueue-0[I] Показываем набор кнопок уровня: KICB ID=1 at ru.apertum.qsystem.client.forms.FWelcome.showButtons(FWelcome.java:1065)
12.05.22 09:51.57_334 AWT-EventQueue-0[I] Pressed button "Для держателей «Visa Infinite»" ID=1652115237630 at ru.apertum.qsystem.client.model.QButton$WelcomeButtonEvent.actionPerformed(QButton.java:430)
12.05.22 09:51.57_336 AWT-EventQueue-0[I] Узнать сколько народу стоит к услуге. at ru.apertum.qsystem.common.NetCommander.aboutService(NetCommander.java:414)
12.05.22 09:51.57_357 AWT-EventQueue-0[I] Встать в очередь. at ru.apertum.qsystem.common.NetCommander.standInService(NetCommander.java:350)
12.05.22 09:52.02_370 AWT-EventQueue-0[I] Показываем набор кнопок уровня: KICB ID=1 at ru.apertum.qsystem.client.forms.FWelcome.showButtons(FWelcome.java:1065)
12.05.22 10:01.24_304 main[I] Properties are ready. at ru.apertum.qsystem.common.QConfig.prepareCLI(QConfig.java:333)
12.05.22 10:01.24_314 main[I] Languages are loading... at ru.apertum.qsystem.client.Locales.<init>(Locales.java:158)
12.05.22 10:01.24_417 main[I] "QSystem 21.1"!  date: 02.06.2021 at ru.apertum.qsystem.About.load(About.java:80)
12.05.22 10:01.24_418 main[I] Mode: KEY_DEBUG at ru.apertum.qsystem.About.load(About.java:84)
12.05.22 10:01.24_419 main[I] Plugins: YES at ru.apertum.qsystem.About.load(About.java:85)
12.05.22 10:01.24_615 main[I] Loading plugins from folder: ./plugins/ at ru.apertum.qsystem.common.Uses.loadPlugins(Uses.java:667)
12.05.22 10:01.24_617 main[I] Plugin ClientboardRS485Plugin.jar was loaded successfully. at ru.apertum.qsystem.common.Uses.loadPlugins(Uses.java:673)
12.05.22 10:01.24_619 main[I] Plugin Microsound.jar was loaded successfully. at ru.apertum.qsystem.common.Uses.loadPlugins(Uses.java:673)
12.05.22 10:01.24_622 main[I] Plugin qsound-Angelina1.jar was loaded successfully. at ru.apertum.qsystem.common.Uses.loadPlugins(Uses.java:673)
12.05.22 10:01.24_630 main[I] Получить параметры. at ru.apertum.qsystem.common.NetCommander.getProperties(NetCommander.java:1213)
12.05.22 10:01.24_842 main[I] Получение возможных услуг. at ru.apertum.qsystem.common.NetCommander.getServices(NetCommander.java:328)
12.05.22 10:01.25_050 AWT-EventQueue-0[I] Создаем окно приглашения. at ru.apertum.qsystem.client.forms.FWelcome.init(FWelcome.java:844)
12.05.22 10:01.25_720 AWT-EventQueue-0[I] Показываем набор кнопок уровня: KICB ID=1 at ru.apertum.qsystem.client.forms.FWelcome.showButtons(FWelcome.java:1065)
12.05.22 10:01.25_861 Thread-2[I] Server for managment of registration point started. at ru.apertum.qsystem.client.forms.FWelcome$CommandServer.run(FWelcome.java:269)
12.05.22 10:01.25_961 AWT-EventQueue-0[E] Не найден файл "http://127.0.0.1:8081/d2.png" для HTML. at ru.apertum.qsystem.common.Uses.prepareAbsolutPathForImg(Uses.java:882)
12.05.22 10:01.31_699 AWT-EventQueue-0[I] Pressed button "Для держателей «Visa Infinite»" ID=1652115237630 at ru.apertum.qsystem.client.model.QButton$WelcomeButtonEvent.actionPerformed(QButton.java:430)
12.05.22 10:01.31_702 AWT-EventQueue-0[I] Узнать сколько народу стоит к услуге. at ru.apertum.qsystem.common.NetCommander.aboutService(NetCommander.java:414)
12.05.22 10:01.31_841 AWT-EventQueue-0[I] Встать в очередь. at ru.apertum.qsystem.common.NetCommander.standInService(NetCommander.java:350)
12.05.22 10:01.36_960 AWT-EventQueue-0[I] Показываем набор кнопок уровня: KICB ID=1 at ru.apertum.qsystem.client.forms.FWelcome.showButtons(FWelcome.java:1065)
12.05.22 10:02.36_422 main[I] Properties are ready. at ru.apertum.qsystem.common.QConfig.prepareCLI(QConfig.java:333)
12.05.22 10:02.36_437 main[I] Languages are loading... at ru.apertum.qsystem.client.Locales.<init>(Locales.java:158)
12.05.22 10:02.36_559 main[I] "QSystem 21.1"!  date: 02.06.2021 at ru.apertum.qsystem.About.load(About.java:80)
12.05.22 10:02.36_560 main[I] Mode: KEY_DEBUG at ru.apertum.qsystem.About.load(About.java:84)
12.05.22 10:02.36_562 main[I] Plugins: YES at ru.apertum.qsystem.About.load(About.java:85)
12.05.22 10:02.36_762 main[I] Loading plugins from folder: ./plugins/ at ru.apertum.qsystem.common.Uses.loadPlugins(Uses.java:667)
12.05.22 10:02.36_763 main[I] Plugin ClientboardRS485Plugin.jar was loaded successfully. at ru.apertum.qsystem.common.Uses.loadPlugins(Uses.java:673)
12.05.22 10:02.36_765 main[I] Plugin Microsound.jar was loaded successfully. at ru.apertum.qsystem.common.Uses.loadPlugins(Uses.java:673)
12.05.22 10:02.36_769 main[I] Plugin qsound-Angelina1.jar was loaded successfully. at ru.apertum.qsystem.common.Uses.loadPlugins(Uses.java:673)
12.05.22 10:02.36_777 main[I] Получить параметры. at ru.apertum.qsystem.common.NetCommander.getProperties(NetCommander.java:1213)
12.05.22 10:02.37_012 main[I] Получение возможных услуг. at ru.apertum.qsystem.common.NetCommander.getServices(NetCommander.java:328)
12.05.22 10:02.37_206 AWT-EventQueue-0[I] Создаем окно приглашения. at ru.apertum.qsystem.client.forms.FWelcome.init(FWelcome.java:844)
12.05.22 10:02.37_866 AWT-EventQueue-0[I] Показываем набор кнопок уровня: KICB ID=1 at ru.apertum.qsystem.client.forms.FWelcome.showButtons(FWelcome.java:1065)
12.05.22 10:02.38_012 Thread-2[I] Server for managment of registration point started. at ru.apertum.qsystem.client.forms.FWelcome$CommandServer.run(FWelcome.java:269)
12.05.22 10:02.38_111 AWT-EventQueue-0[E] Не найден файл "http://127.0.0.1:8081/d2.png" для HTML. at ru.apertum.qsystem.common.Uses.prepareAbsolutPathForImg(Uses.java:882)
12.05.22 10:02.43_747 AWT-EventQueue-0[I] Pressed button "Для держателей «Visa Infinite»" ID=1652115237630 at ru.apertum.qsystem.client.model.QButton$WelcomeButtonEvent.actionPerformed(QButton.java:430)
12.05.22 10:02.43_751 AWT-EventQueue-0[I] Узнать сколько народу стоит к услуге. at ru.apertum.qsystem.common.NetCommander.aboutService(NetCommander.java:414)
12.05.22 10:02.43_886 AWT-EventQueue-0[I] Встать в очередь. at ru.apertum.qsystem.common.NetCommander.standInService(NetCommander.java:350)
12.05.22 10:02.48_907 AWT-EventQueue-0[I] Показываем набор кнопок уровня: KICB ID=1 at ru.apertum.qsystem.client.forms.FWelcome.showButtons(FWelcome.java:1065)
12.05.22 10:06.54_036 main[I] Properties are ready. at ru.apertum.qsystem.common.QConfig.prepareCLI(QConfig.java:333)
12.05.22 10:06.54_047 main[I] Languages are loading... at ru.apertum.qsystem.client.Locales.<init>(Locales.java:158)
12.05.22 10:06.54_151 main[I] "QSystem 21.1"!  date: 02.06.2021 at ru.apertum.qsystem.About.load(About.java:80)
12.05.22 10:06.54_152 main[I] Mode: KEY_DEBUG at ru.apertum.qsystem.About.load(About.java:84)
12.05.22 10:06.54_153 main[I] Plugins: YES at ru.apertum.qsystem.About.load(About.java:85)
12.05.22 10:06.54_344 main[I] Loading plugins from folder: ./plugins/ at ru.apertum.qsystem.common.Uses.loadPlugins(Uses.java:667)
12.05.22 10:06.54_346 main[I] Plugin ClientboardRS485Plugin.jar was loaded successfully. at ru.apertum.qsystem.common.Uses.loadPlugins(Uses.java:673)
12.05.22 10:06.54_347 main[I] Plugin Microsound.jar was loaded successfully. at ru.apertum.qsystem.common.Uses.loadPlugins(Uses.java:673)
12.05.22 10:06.54_349 main[I] Plugin qsound-Angelina1.jar was loaded successfully. at ru.apertum.qsystem.common.Uses.loadPlugins(Uses.java:673)
12.05.22 10:06.54_356 main[I] Получить параметры. at ru.apertum.qsystem.common.NetCommander.getProperties(NetCommander.java:1213)
12.05.22 10:06.54_578 main[I] Получение возможных услуг. at ru.apertum.qsystem.common.NetCommander.getServices(NetCommander.java:328)
12.05.22 10:06.54_781 AWT-EventQueue-0[I] Создаем окно приглашения. at ru.apertum.qsystem.client.forms.FWelcome.init(FWelcome.java:844)
12.05.22 10:06.55_446 AWT-EventQueue-0[I] Показываем набор кнопок уровня: . ID=1 at ru.apertum.qsystem.client.forms.FWelcome.showButtons(FWelcome.java:1065)
12.05.22 10:06.55_588 Thread-2[I] Server for managment of registration point started. at ru.apertum.qsystem.client.forms.FWelcome$CommandServer.run(FWelcome.java:269)
12.05.22 10:06.55_685 AWT-EventQueue-0[E] Не найден файл "http://127.0.0.1:8081/d2.png" для HTML. at ru.apertum.qsystem.common.Uses.prepareAbsolutPathForImg(Uses.java:882)
12.05.22 10:07.04_089 AWT-EventQueue-0[I] Pressed button "Для держателей «Visa Infinite»" ID=1652115237630 at ru.apertum.qsystem.client.model.QButton$WelcomeButtonEvent.actionPerformed(QButton.java:430)
12.05.22 10:07.04_092 AWT-EventQueue-0[I] Узнать сколько народу стоит к услуге. at ru.apertum.qsystem.common.NetCommander.aboutService(NetCommander.java:414)
12.05.22 10:07.04_229 AWT-EventQueue-0[I] Встать в очередь. at ru.apertum.qsystem.common.NetCommander.standInService(NetCommander.java:350)
12.05.22 10:07.09_285 AWT-EventQueue-0[I] Показываем набор кнопок уровня: . ID=1 at ru.apertum.qsystem.client.forms.FWelcome.showButtons(FWelcome.java:1065)
12.05.22 10:08.15_320 AWT-EventQueue-0[I] Pressed button "Для держателей «Visa Infinite»" ID=1652115237630 at ru.apertum.qsystem.client.model.QButton$WelcomeButtonEvent.actionPerformed(QButton.java:430)
12.05.22 10:08.15_322 AWT-EventQueue-0[I] Узнать сколько народу стоит к услуге. at ru.apertum.qsystem.common.NetCommander.aboutService(NetCommander.java:414)
12.05.22 10:08.15_339 AWT-EventQueue-0[I] Встать в очередь. at ru.apertum.qsystem.common.NetCommander.standInService(NetCommander.java:350)
12.05.22 10:08.20_455 AWT-EventQueue-0[I] Показываем набор кнопок уровня: . ID=1 at ru.apertum.qsystem.client.forms.FWelcome.showButtons(FWelcome.java:1065)
12.05.22 10:18.18_120 Thread-2[I] Получение возможных услуг. at ru.apertum.qsystem.common.NetCommander.getServices(NetCommander.java:328)
12.05.22 10:18.18_239 Thread-2[I] Показываем набор кнопок уровня: . ID=1 at ru.apertum.qsystem.client.forms.FWelcome.showButtons(FWelcome.java:1065)
12.05.22 10:18.18_243 Thread-2[I] Получить параметры. at ru.apertum.qsystem.common.NetCommander.getProperties(NetCommander.java:1213)
12.05.22 10:18.18_270 Thread-2[I] Пункт регистрации реинициализирован. Состояние "Готов к работе" at ru.apertum.qsystem.client.forms.FWelcome.reinit(FWelcome.java:2060)
12.05.22 10:18.29_254 main[I] Properties are ready. at ru.apertum.qsystem.common.QConfig.prepareCLI(QConfig.java:333)
12.05.22 10:18.29_265 main[I] Languages are loading... at ru.apertum.qsystem.client.Locales.<init>(Locales.java:158)
12.05.22 10:18.29_378 main[I] "QSystem 21.1"!  date: 02.06.2021 at ru.apertum.qsystem.About.load(About.java:80)
12.05.22 10:18.29_378 main[I] Mode: KEY_DEBUG at ru.apertum.qsystem.About.load(About.java:84)
12.05.22 10:18.29_379 main[I] Plugins: YES at ru.apertum.qsystem.About.load(About.java:85)
12.05.22 10:18.29_600 main[I] Loading plugins from folder: ./plugins/ at ru.apertum.qsystem.common.Uses.loadPlugins(Uses.java:667)
12.05.22 10:18.29_602 main[I] Plugin ClientboardRS485Plugin.jar was loaded successfully. at ru.apertum.qsystem.common.Uses.loadPlugins(Uses.java:673)
12.05.22 10:18.29_604 main[I] Plugin Microsound.jar was loaded successfully. at ru.apertum.qsystem.common.Uses.loadPlugins(Uses.java:673)
12.05.22 10:18.29_607 main[I] Plugin qsound-Angelina1.jar was loaded successfully. at ru.apertum.qsystem.common.Uses.loadPlugins(Uses.java:673)
12.05.22 10:18.29_618 main[I] Получить параметры. at ru.apertum.qsystem.common.NetCommander.getProperties(NetCommander.java:1213)
12.05.22 10:18.29_868 main[I] Получение возможных услуг. at ru.apertum.qsystem.common.NetCommander.getServices(NetCommander.java:328)
12.05.22 10:18.30_156 AWT-EventQueue-0[I] Создаем окно приглашения. at ru.apertum.qsystem.client.forms.FWelcome.init(FWelcome.java:844)
12.05.22 10:18.30_955 AWT-EventQueue-0[I] Показываем набор кнопок уровня: . ID=1 at ru.apertum.qsystem.client.forms.FWelcome.showButtons(FWelcome.java:1065)
12.05.22 10:18.31_244 Thread-2[I] Server for managment of registration point started. at ru.apertum.qsystem.client.forms.FWelcome$CommandServer.run(FWelcome.java:269)
12.05.22 10:18.31_349 AWT-EventQueue-0[E] Не найден файл "http://127.0.0.1:8081/d2.png" для HTML. at ru.apertum.qsystem.common.Uses.prepareAbsolutPathForImg(Uses.java:882)
12.05.22 10:47.13_601 AWT-EventQueue-0[I] Pressed button "Выдача Карт (Окно 1,2,3,4) " ID=1652115222583 at ru.apertum.qsystem.client.model.QButton$WelcomeButtonEvent.actionPerformed(QButton.java:430)
12.05.22 10:47.13_605 AWT-EventQueue-0[I] Узнать сколько народу стоит к услуге. at ru.apertum.qsystem.common.NetCommander.aboutService(NetCommander.java:414)
12.05.22 10:47.13_730 AWT-EventQueue-0[I] Получить параметры. at ru.apertum.qsystem.common.NetCommander.getProperties(NetCommander.java:1213)
12.05.22 10:47.13_769 AWT-EventQueue-0[I] Встать в очередь. at ru.apertum.qsystem.common.NetCommander.standInService(NetCommander.java:350)
12.05.22 10:47.18_894 AWT-EventQueue-0[I] Показываем набор кнопок уровня: . ID=1 at ru.apertum.qsystem.client.forms.FWelcome.showButtons(FWelcome.java:1065)
12.05.22 10:47.38_853 main[I] Properties are ready. at ru.apertum.qsystem.common.QConfig.prepareCLI(QConfig.java:333)
12.05.22 10:47.38_863 main[I] Languages are loading... at ru.apertum.qsystem.client.Locales.<init>(Locales.java:158)
12.05.22 10:47.38_972 main[I] "QSystem 21.1"!  date: 02.06.2021 at ru.apertum.qsystem.About.load(About.java:80)
12.05.22 10:47.38_972 main[I] Mode: KEY_DEBUG at ru.apertum.qsystem.About.load(About.java:84)
12.05.22 10:47.38_973 main[I] Plugins: YES at ru.apertum.qsystem.About.load(About.java:85)
12.05.22 10:47.39_159 main[I] Loading plugins from folder: ./plugins/ at ru.apertum.qsystem.common.Uses.loadPlugins(Uses.java:667)
12.05.22 10:47.39_161 main[I] Plugin ClientboardRS485Plugin.jar was loaded successfully. at ru.apertum.qsystem.common.Uses.loadPlugins(Uses.java:673)
12.05.22 10:47.39_164 main[I] Plugin Microsound.jar was loaded successfully. at ru.apertum.qsystem.common.Uses.loadPlugins(Uses.java:673)
12.05.22 10:47.39_166 main[I] Plugin qsound-Angelina1.jar was loaded successfully. at ru.apertum.qsystem.common.Uses.loadPlugins(Uses.java:673)
12.05.22 10:47.39_172 main[I] Получить параметры. at ru.apertum.qsystem.common.NetCommander.getProperties(NetCommander.java:1213)
12.05.22 10:47.39_379 main[I] Получение возможных услуг. at ru.apertum.qsystem.common.NetCommander.getServices(NetCommander.java:328)
12.05.22 10:47.39_589 AWT-EventQueue-0[I] Создаем окно приглашения. at ru.apertum.qsystem.client.forms.FWelcome.init(FWelcome.java:844)
12.05.22 10:47.40_252 AWT-EventQueue-0[I] Показываем набор кнопок уровня: . ID=1 at ru.apertum.qsystem.client.forms.FWelcome.showButtons(FWelcome.java:1065)
12.05.22 10:47.40_452 Thread-2[I] Server for managment of registration point started. at ru.apertum.qsystem.client.forms.FWelcome$CommandServer.run(FWelcome.java:269)
12.05.22 10:47.40_593 AWT-EventQueue-0[E] Не найден файл "http://127.0.0.1:8081/d2.png" для HTML. at ru.apertum.qsystem.common.Uses.prepareAbsolutPathForImg(Uses.java:882)
12.05.22 10:47.42_058 AWT-EventQueue-0[I] Pressed button "Выдача Карт (Окно 1,2,3,4) " ID=1652115222583 at ru.apertum.qsystem.client.model.QButton$WelcomeButtonEvent.actionPerformed(QButton.java:430)
12.05.22 10:47.42_062 AWT-EventQueue-0[I] Узнать сколько народу стоит к услуге. at ru.apertum.qsystem.common.NetCommander.aboutService(NetCommander.java:414)
12.05.22 10:47.42_126 AWT-EventQueue-0[I] Встать в очередь. at ru.apertum.qsystem.common.NetCommander.standInService(NetCommander.java:350)
12.05.22 10:47.47_243 AWT-EventQueue-0[I] Показываем набор кнопок уровня: . ID=1 at ru.apertum.qsystem.client.forms.FWelcome.showButtons(FWelcome.java:1065)
12.05.22 16:38.24_824 AWT-EventQueue-0[I] Получить параметры. at ru.apertum.qsystem.common.NetCommander.getProperties(NetCommander.java:1213)
12.05.22 16:38.28_153 AWT-EventQueue-0[I] Pressed button "Для держателей «Visa Infinite»" ID=1652115237630 at ru.apertum.qsystem.client.model.QButton$WelcomeButtonEvent.actionPerformed(QButton.java:430)
12.05.22 16:38.28_154 AWT-EventQueue-0[I] Узнать сколько народу стоит к услуге. at ru.apertum.qsystem.common.NetCommander.aboutService(NetCommander.java:414)
12.05.22 16:38.28_272 AWT-EventQueue-0[I] Встать в очередь. at ru.apertum.qsystem.common.NetCommander.standInService(NetCommander.java:350)
12.05.22 16:38.33_397 AWT-EventQueue-0[I] Показываем набор кнопок уровня: . ID=1 at ru.apertum.qsystem.client.forms.FWelcome.showButtons(FWelcome.java:1065)
12.05.22 16:38.59_672 AWT-EventQueue-0[I] Pressed button "Для держателей «Visa Infinite»" ID=1652115237630 at ru.apertum.qsystem.client.model.QButton$WelcomeButtonEvent.actionPerformed(QButton.java:430)
12.05.22 16:38.59_673 AWT-EventQueue-0[I] Узнать сколько народу стоит к услуге. at ru.apertum.qsystem.common.NetCommander.aboutService(NetCommander.java:414)
12.05.22 16:38.59_790 AWT-EventQueue-0[I] Встать в очередь. at ru.apertum.qsystem.common.NetCommander.standInService(NetCommander.java:350)
12.05.22 16:39.04_912 AWT-EventQueue-0[I] Показываем набор кнопок уровня: . ID=1 at ru.apertum.qsystem.client.forms.FWelcome.showButtons(FWelcome.java:1065)
12.05.22 16:39.09_232 AWT-EventQueue-0[I] Pressed button "Для держателей «Visa Infinite»" ID=1652115237630 at ru.apertum.qsystem.client.model.QButton$WelcomeButtonEvent.actionPerformed(QButton.java:430)
12.05.22 16:39.09_233 AWT-EventQueue-0[I] Узнать сколько народу стоит к услуге. at ru.apertum.qsystem.common.NetCommander.aboutService(NetCommander.java:414)
12.05.22 16:39.09_352 AWT-EventQueue-0[I] Встать в очередь. at ru.apertum.qsystem.common.NetCommander.standInService(NetCommander.java:350)
12.05.22 16:39.14_465 AWT-EventQueue-0[I] Показываем набор кнопок уровня: . ID=1 at ru.apertum.qsystem.client.forms.FWelcome.showButtons(FWelcome.java:1065)
12.05.22 16:40.14_424 AWT-EventQueue-0[I] Pressed button "Для держателей «Visa Infinite»" ID=1652115237630 at ru.apertum.qsystem.client.model.QButton$WelcomeButtonEvent.actionPerformed(QButton.java:430)
12.05.22 16:40.14_425 AWT-EventQueue-0[I] Узнать сколько народу стоит к услуге. at ru.apertum.qsystem.common.NetCommander.aboutService(NetCommander.java:414)
12.05.22 16:40.14_538 AWT-EventQueue-0[I] Встать в очередь. at ru.apertum.qsystem.common.NetCommander.standInService(NetCommander.java:350)
12.05.22 16:40.19_654 AWT-EventQueue-0[I] Показываем набор кнопок уровня: . ID=1 at ru.apertum.qsystem.client.forms.FWelcome.showButtons(FWelcome.java:1065)
